,rowID,기준일,누적환진률,누적검사수,누적 검사 완료 수,치료중 환자 수,격리해제 수,사망자 수,확진자 수,검사 진행 수,결과 음성 수 ,수정일
0,361,20201221,1.4181385274,3713861,3567423,14738,35155,698,50591,146438,3516832,null
1,360,20201220,1.4015332912,3683094,3543619,14269,34722,674,49665,139475,3493954,null
2,359,20201219,1.3798240575,3646247,3520014,13577,34334,659,48570,126233,3471444,null
3,358,20201219,1.3798240575,3646247,3520014,13577,34334,659,48570,126233,3471444,null
4,357,20201218,1.3656965426,3589795,3479177,12888,33982,645,47515,110618,3431662,null
5,356,20201217,1.3505420135,3538840,3439582,12209,33610,634,46453,99258,3393129,null
6,355,20201216,1.3388980799,3488769,3393985,11883,32947,612,45442,94784,3348543,null
7,354,20201215,1.3251897470,3441220,3347747,11205,32559,600,44364,93473,3303383,null
8,353,20201214,1.3145929369,3397039,3307792,10795,32102,587,43484,89247,3264308,null
9,352,20201213,1.3020685858,3374595,3284466,10372,31814,580,42766,90129,3241700,null
10,351,20201212,1.2790205208,3349864,3263122,9665,31493,578,41736,86742,3221386,null
11,350,20201211,1.2613479097,3311213,3233525,9057,31157,572,40786,77688,3192739,null
12,349,20201210,1.2510362122,3277947,3205183,8897,30637,564,40098,72764,3165085,null
13,348,20201208,1.2300149553,3221317,3150043,8544,29650,552,38746,71274,3111297,null
14,347,20201209,1.2407194612,3253236,3178156,8699,30177,556,39432,75080,3138724,null
15,345,20201207,1.2147899990,3209376,3141366,8311,29301,549,38161,68010,3103205,null
16,344,20201206,1.2006455716,3194867,3127151,7873,29128,545,37546,67716,3089605,null
17,343,20201205,1.1853656234,3180496,3114229,7458,28917,540,36915,66267,3077314,null
18,342,20201204,1.1745032073,3157410,3093393,7185,28611,536,36332,64017,3057061,null
19,341,20201203,1.1644441893,3131886,3066098,6822,28352,529,35703,65788,3030395,null
20,340,20201202,1.1559870814,3106970,3041816,6572,28065,526,35163,65154,3006653,null
21,339,20201201,1.1477573651,3083997,3019105,6241,27885,526,34652,64892,2984453,null
22,338,20201130,1.1408673073,3061172,2997807,6050,27625,526,34201,63365,2963606,null
23,337,20201129,1.1334581263,3046971,2984142,5759,27542,523,33824,62829,2950318,null
24,336,20201128,1.1225241405,3032004,2973210,5504,27349,522,33375,58794,2939835,null
25,335,20201127,1.1137036309,3009577,2952940,5268,27103,516,32887,56637,2920053,null
26,334,20201126,1.1019935656,2988046,2932685,4853,26950,515,32318,55361,2900367,null
27,333,20201125,1.0903373809,2966405,2910567,4397,26825,513,31735,55838,2878832,null
28,332,20201124,1.0853934217,2946399,2888630,4121,26722,510,31353,57769,2857277,null
29,331,20201123,1.0819072611,2922135,2865680,3956,26539,509,31004,56455,2834676,null
30,330,20201122,1.0765147585,2908890,2854861,3762,26466,505,30733,54029,2824128,null
31,329,20201121,1.0684961451,2896746,2845401,3535,26365,503,30403,51345,2814998,null
32,328,20201120,1.0624358475,2873443,2825300,3253,26263,501,30017,48143,2795283,null
33,327,20201119,1.0559345487,2853843,2808318,3058,26098,498,29654,45525,2778664,null
34,326,20201118,1.0499435105,2834362,2791674,2842,25973,496,29311,42688,2762363,null
35,325,20201117,1.0451413254,2815755,2774553,2644,25860,494,28998,41202,2745555,null
36,324,20201116,1.0425904108,2797691,2759377,2516,25759,494,28769,38314,2730608,null
37,323,20201115,1.0378476640,2786878,2750500,2362,25691,493,28546,36378,2721954,null
38,322,20201114,1.0332542477,2777289,2742597,2210,25636,492,28338,34692,2714259,null
39,321,20201113,1.0300253506,2761411,2731292,2108,25537,488,28133,30119,2703159,null
40,320,20201112,1.0270951388,2749772,2720488,2051,25404,487,27942,29284,2692546,null
41,319,20201111,1.0266093418,2736534,2707846,2046,25266,487,27799,28688,2680047,null
42,318,20201110,1.0256648016,2723960,2696105,2008,25160,485,27653,27855,2668452,null
43,317,20201109,1.0267955132,2709199,2683397,2044,25029,480,27553,25802,2655844,null
44,316,20201108,1.0244536147,2702880,2677232,1981,24968,478,27427,25648,2649805,null
45,315,20201107,1.0214778407,2697249,2671032,1897,24910,477,27284,26217,2643748,null
46,314,20201106,1.0221052097,2686314,2660685,1898,24821,476,27195,25629,2633490,null
47,313,20201105,1.0212773026,2673706,2648644,1840,24735,475,27050,25062,2621594,2020-11-05 09:52:58.741
48,312,20201104,1.0206576560,2662260,2638005,1835,24616,474,26925,24255,2611080,null
49,311,20201103,1.0215911013,2649859,2624044,1825,24510,472,26807,25815,2597237,null
50,310,20201102,1.0237728857,2636650,2611126,1869,24395,468,26732,25524,2584394,null
51,309,20201101,1.0221460500,2630630,2605792,1812,24357,466,26635,24838,2579157,null
52,308,20201031,1.0201191774,2624492,2598814,1736,24311,464,26511,25678,2572303,null
53,307,20201030,1.0203576530,2612231,2585858,1695,24227,463,26385,26373,2559473,null
54,306,20201029,1.0214905339,2597978,2571830,1641,24168,462,26271,26148,2545559,null
55,305,20201028,1.0213057839,2582960,2560056,1612,24073,461,26146,22904,2533910,null
56,304,20201027,1.0234678831,2567587,2544584,1602,23981,460,26043,23003,2518541,null
57,303,20201026,1.0252810486,2552264,2531501,1593,23905,457,25955,20763,2505546,null
58,302,20201025,1.0234251706,2546146,2524464,1510,23869,457,25836,21682,2498628,null
59,301,20201024,1.0233084047,2540679,2518791,1484,23834,457,25775,21888,2493016,null
60,300,20201023,1.0245631213,2528621,2508191,1526,23717,455,25698,20430,2482493,null
61,299,20201022,1.0235574904,2515325,2495512,1443,23647,453,25543,19813,2469969,null
62,298,20201021,1.0235112910,2503491,2483998,1390,23584,450,25424,19493,2458574,null
63,297,20201020,1.0248259256,2491311,2471932,1420,23466,447,25333,19379,2446599,null
64,296,20201019,1.0264113613,2479226,2462463,1463,23368,444,25275,16763,2437188,null
65,295,20201018,1.0257055261,2474529,2456748,1443,23312,444,25199,17781,2431549,null
66,294,20201017,1.0243108604,2468527,2451209,1407,23258,443,25108,17318,2426101,null
67,293,20201016,1.0251544693,2459426,2442071,1414,23180,441,25035,17355,2417036,null
68,292,20201015,1.0272656226,2450739,2432477,1467,23082,439,24988,18262,2407489,null
69,291,20201014,1.0271731010,2441454,2423058,1421,23030,438,24889,18396,2398169,null
70,290,20201013,1.0298312704,2428771,2408647,1508,22863,434,24805,20124,2383842,null
71,289,20201012,1.0308301807,2415610,2396418,1541,22729,433,24703,19192,2371715,null
72,288,20201011,1.0290316914,2410483,2391180,1481,22693,432,24606,19303,2366574,null
73,287,20201010,1.0289633826,2404684,2385702,1494,22624,430,24548,18982,2361154,null
74,286,20201009,1.0286047604,2400233,2379534,1479,22569,428,24476,20699,2355058,null
75,285,20201008,1.0313928237,2388844,2367866,1532,22463,427,24422,20978,2343444,null
76,284,20201007,1.0336872621,2378073,2355935,1594,22334,425,24353,22138,2331582,null
77,283,20201006,1.0346626280,2365433,2342696,1734,22083,422,24239,22737,2318457,null
78,282,20201005,1.0371122578,2352378,2329931,1856,21886,422,24164,22447,2305767,null
79,281,20201004,1.0365157650,2346345,2324229,1825,21845,421,24091,22116,2300138,null
80,280,20201003,1.0362844026,2339859,2318572,1820,21787,420,24027,21287,2294545,null
81,279,20201002,1.0351882761,2333777,2313782,1803,21733,416,23952,19995,2289830,null
82,278,20201001,1.0348699492,2328435,2308406,1808,21666,415,23889,20029,2284517,null
83,277,20200930,1.0342238087,2322999,2302403,1809,21590,413,23812,20596,2278591,null
84,276,20200929,1.0335422601,2313044,2292988,1822,21470,407,23699,20056,2269289,null
85,275,20200928,1.0365284161,2301303,2282716,1963,21292,406,23661,18587,2259055,null
86,274,20200927,1.0366436472,2296517,2277639,1962,21248,401,23611,18878,2254028,null
87,273,20200926,1.0351094730,2290345,2271837,1951,21166,399,23516,18508,2248321,null
88,272,20200925,1.0375100466,2280276,2260701,2082,20978,395,23455,19575,2237246,null
89,271,20200924,1.0382004939,2268999,2248217,2116,20832,393,23341,20782,2224876,null
90,270,20200923,1.0381099387,2256899,2236372,2178,20650,388,23216,20527,2213156,null
91,269,20200922,1.0399254688,2245112,2221890,2277,20441,388,23106,23222,2198784,null
92,268,20200921,1.0432072023,2231589,2209053,2412,20248,385,23045,22536,2186008,null
93,267,20200920,1.0431673785,2226701,2202427,2434,20158,383,22975,24274,2179452,null
94,266,20200919,1.0432193476,2219162,2194457,2545,19970,378,22893,24705,2171564,null
95,265,20200918,1.0446307638,2206365,2180962,2635,19771,377,22783,25403,2158179,null
96,264,20200917,1.0458441347,2191892,2166384,2742,19543,372,22657,25508,2143727,null
97,263,20200916,1.0452440559,2178832,2152990,2827,19310,367,22504,25842,2130486,null
98,262,20200915,1.0476458731,2164578,2137268,3146,18878,367,22391,27310,2114877,null
99,261,20200914,1.0494338190,2151002,2123526,3433,18489,363,22285,27476,2101241,null
100,260,20200913,1.0482306145,2143270,2115565,3592,18226,358,22176,27705,2093389,null
101,259,20200912,1.0464355477,2135457,2107631,3671,18029,355,22055,27826,2085576,null
102,258,20200911,1.0488623726,2119211,2089788,3953,17616,350,21919,29423,2067869,null
103,257,20200910,1.0521283303,2099591,2066573,4037,17360,346,21743,33018,2044830,null
104,256,20200909,1.0552861830,2082234,2045701,4221,17023,344,21588,36533,2024113,null
105,255,20200908,1.0595696462,2066078,2022708,4455,16636,341,21432,43370,2001276,null
106,254,20200907,1.0625749680,2051297,2004188,4663,16297,336,21296,47109,1982892,null
107,253,20200906,1.0608050637,2045935,1996314,4697,16146,334,21177,49621,1975137,null
108,252,20200905,1.0584553504,2037045,1984968,4668,16009,333,21010,52077,1963958,null
109,251,20200904,1.0597770817,2018906,1966640,4728,15783,331,20842,52266,1945798,null
110,250,20200903,1.0613728954,2000552,1945028,4786,15529,329,20644,55524,1924384,null
111,249,20200902,1.0630881387,1980295,1923547,4767,15356,326,20449,56748,1903098,null
112,248,20200901,1.0609056124,1959080,1902337,4660,15198,324,20182,56743,1882155,null
113,247,20200831,1.0611161854,1937689,1879813,4650,14973,324,19947,57876,1859866,null
114,246,20200830,1.0555963109,1924170,1866149,4473,14903,323,19699,58021,1846450,null
115,245,20200829,1.0456625754,1909329,1855283,4314,14765,321,19400,54046,1835883,null
116,244,20200828,1.0384832711,1887717,1837006,4210,14551,316,19077,50711,1817929,null
117,243,20200827,1.0291944377,1869579,1817538,3932,14461,313,18706,52041,1798832,null
118,242,20200826,1.0165797393,1849506,1796711,3585,14368,312,18265,52795,1778446,null
119,241,20200825,1.0107154423,1825837,1775475,3349,14286,310,17945,50362,1757530,null
120,240,20200824,1.0057349380,1804422,1756427,3137,14219,309,17665,47995,1738762,null
121,239,20200823,0.9978653630,1791186,1743622,2890,14200,309,17399,47564,1726223,null
122,238,20200822,0.9808621687,1775800,1733373,2524,14169,309,17002,42427,1716371,null
123,237,20200821,0.9714010668,1754123,1716078,2241,14120,309,16670,38045,1699408,null
124,236,20200820,0.9620472195,1734083,1699085,1976,14063,307,16346,34998,1682739,null
125,235,20200819,0.9535391635,1715064,1684042,1746,14006,306,16058,31022,1667984,null
126,234,20200818,0.9427433406,1697042,1671823,1521,13934,306,15761,25219,1656062,null
127,233,20200817,0.9315487305,1688470,1665506,1293,13917,305,15515,22964,1649991,null
128,232,20200816,0.9228922834,1681787,1659782,1103,13910,305,15318,22005,1644464,null
129,231,20200815,0.9094273492,1675296,1653678,833,13901,305,15039,21618,1638639,null
130,230,20200814,0.9041601213,1665084,1644952,705,13863,305,14873,20132,1630079,null
131,229,20200813,0.9022051188,1654898,1637100,648,13817,305,14770,17798,1622330,null
132,228,20200812,0.9030999639,1646652,1629277,623,13786,305,14714,17375,1614563,null
133,227,20200811,0.9047400106,1637844,1620355,626,13729,305,14660,17489,1605695,null
134,226,20200810,0.9073724476,1628303,1611907,663,13658,305,14626,16396,1597281,null
135,225,20200809,0.9079222090,1624650,1607847,651,13642,305,14598,16803,1593249,null
136,224,20200808,0.9076239288,1620514,1604409,629,13629,304,14562,16105,1589847,null
137,223,20200807,0.9093790242,1613652,1596584,673,13543,303,14519,17068,1582065,null
138,222,20200806,0.9127731583,1606487,1588456,696,13501,302,14499,18031,1573957,null
139,221,20200805,0.9151122018,1598187,1579697,748,13406,302,14456,18490,1565241,null
140,220,20200804,0.9180449328,1589780,1571056,770,13352,301,14423,18724,1556633,null
141,219,20200803,0.9209808775,1579757,1562356,808,13280,301,14389,17401,1547967,null
142,218,20200802,0.9217967786,1576246,1558478,806,13259,301,14366,17768,1544112,null
143,217,20200801,0.9227885516,1571830,1553552,802,13233,301,14336,18278,1539216,null
144,216,20200731,0.9256107866,1563796,1545466,821,13183,301,14305,18330,1531161,null
145,215,20200730,0.9282479734,1556215,1537197,837,13132,300,14269,19018,1522928,2020-07-30 11:14:10.775
146,214,20200729,0.9326686653,1547307,1527981,882,13069,300,14251,19326,1513730,null
147,213,20200728,0.9360953297,1537704,1517260,896,13007,300,14203,20444,1503057,null
148,212,20200727,0.9398595945,1526974,1508204,971,12905,299,14175,18770,1494029,null
149,211,20200726,0.9410046604,1522926,1503712,962,12890,298,14150,19214,1489562,null
150,210,20200725,0.9401228724,1518634,1498953,928,12866,298,14092,19681,1484861,null
151,209,20200724,0.9383340224,1510327,1489768,864,12817,298,13979,20559,1475789,null
152,208,20200723,0.9421157792,1500854,1479436,883,12758,297,13938,21418,1465498,null
153,207,20200722,0.9439441754,1492071,1470320,884,12698,297,13879,21751,1456441,null
154,206,20200721,0.9472577108,1482390,1458526,877,12643,296,13816,23864,1444710,null
155,205,20200720,0.9504510691,1470193,1448891,903,12572,296,13771,21302,1435120,null
156,204,20200719,0.9523011114,1465299,1443346,894,12556,295,13745,21953,1429601,null
157,203,20200718,0.9539540284,1460204,1437281,898,12519,294,13711,22923,1423570,null
158,202,20200717,0.9574853264,1451017,1427907,919,12460,293,13672,23110,1414235,null
159,201,20200716,0.9599814943,1441348,1417944,925,12396,291,13612,23404,1404332,null
160,200,20200715,0.9624159901,1431316,1408019,914,12348,289,13551,23297,1394468,null
161,199,20200714,0.9676816390,1420616,1396327,941,12282,289,13512,24289,1382815,null
162,198,20200713,0.9721832542,1408312,1386467,986,12204,289,13479,21845,1372988,null
163,197,20200712,0.9720252058,1402144,1380314,950,12178,289,13417,21830,1366897,null
164,196,20200711,0.9732960405,1396941,1373991,941,12144,288,13373,22950,1360618,null
165,195,20200710,0.9797533795,1384890,1361363,985,12065,288,13338,23527,1348025,null
166,194,20200709,0.9862307555,1371771,1347859,987,12019,287,13293,23912,1334566,null
167,193,20200708,0.9914488194,1359734,1335722,989,11970,285,13244,24012,1322479,null
168,192,20200707,0.9966586491,1346194,1322519,982,11914,285,13181,23675,1309338,null
169,191,20200706,1.0024387563,1331796,1310504,1005,11848,284,13137,21292,1297367,null
170,190,20200705,1.0034452463,1326055,1304406,976,11832,283,13091,21649,1291317,null
171,189,20200704,1.0043169904,1319521,1297200,936,11811,283,13030,22321,1284172,null
172,188,20200703,1.0080073021,1307761,1286201,926,11759,282,12967,21560,1273234,null
173,187,20200702,1.0111426287,1295962,1276180,938,11684,282,12904,19782,1263276,null
174,186,20200701,1.0152444684,1285231,1265705,955,11613,282,12850,19526,1252855,null
175,185,20200630,1.0215043465,1273765,1252956,981,11537,282,12800,20809,1240157,null
176,184,20200629,1.0275845681,1259954,1241455,1046,11429,282,12757,18499,1228698,2020-06-29 11:00:25.815
177,183,20200628,1.0314839902,1251695,1232690,1069,11364,282,12715,19005,1219975,null
178,182,20200627,1.0338144673,1243780,1223914,1054,11317,282,12653,19866,1211261,null
179,181,20200626,1.0384948499,1232315,1213487,1148,11172,282,12602,18828,1200885,null
180,180,20200625,1.0455417792,1220478,1201578,1307,10974,282,12563,18900,1189015,null
181,179,20200624,1.0548221402,1208597,1188352,1324,10930,281,12535,20245,1175817,null
182,178,20200623,1.0636140726,1196012,1173734,1295,10908,281,12484,22278,1161250,null
183,177,20200622,1.0697854838,1182066,1162663,1277,10881,280,12438,19403,1150225,null
184,176,20200621,1.0741167355,1176463,1156392,1273,10868,280,12421,20071,1143971,null
185,175,20200620,1.0764456500,1170901,1149431,1237,10856,280,12373,21470,1137058,null
186,174,20200619,1.0824428058,1158063,1136873,1191,10835,280,12306,21190,1124567,null
187,173,20200618,1.0904823674,1145712,1123998,1177,10800,280,12257,21714,1111741,null
188,172,20200617,1.0975998214,1132823,1111334,1145,10774,279,12198,21489,1099136,null
189,171,20200616,1.1078855382,1119767,1097135,1117,10760,278,12155,22632,1084980,null
190,170,20200615,1.1172190545,1105719,1084926,1114,10730,277,12121,20793,1072805,null
191,169,20200614,1.1199559580,1100327,1078971,1090,10718,277,12085,21356,1066887,null
192,168,20200613,1.1247480984,1094703,1071351,1083,10691,277,12051,23352,1059301,null
193,167,20200612,1.1352178592,1081486,1057242,1057,10669,277,12003,24244,1045240,null
194,166,20200611,1.1471173706,1066887,1041393,1017,10654,276,11947,25494,1029447,null
195,165,20200610,1.1602264883,1051971,1025748,1015,10611,276,11902,26223,1013847,null
196,164,20200609,1.1750684407,1035996,1008537,989,10589,274,11852,27459,996686,null
197,163,20200608,1.1886231069,1018213,993839,978,10563,273,11814,24374,982026,null
198,162,20200607,1.1939717405,1012769,986288,951,10552,273,11776,26481,974512,null
199,161,20200606,1.1990574522,1005305,977351,915,10531,273,11719,27954,965632,null
200,160,20200605,1.2126452669,990960,962194,889,10506,273,11668,28766,950526,null
201,159,20200604,1.2297244567,973858,945659,857,10499,273,11629,28199,934030,null
202,158,20200603,1.2475954991,956852,928987,850,10467,273,11590,27865,917397,null
203,157,20200602,1.2669483571,939851,910929,823,10446,272,11541,28922,899388,null
204,156,20200601,1.2819098372,921391,897333,810,10422,271,11503,24058,885830,null
205,155,20200531,1.2921282483,910822,887528,793,10405,270,11468,23294,876060,null
206,154,20200530,1.3051518190,902901,876603,774,10398,269,11441,26298,865162,null
207,153,20200529,1.3249465756,885120,860563,770,10363,269,11402,24557,849161,null
208,152,20200528,1.3404293533,868666,846296,735,10340,269,11344,22370,834952,null
209,151,20200527,1.3542674753,852876,831815,701,10295,269,11265,21061,820550,null
210,150,20200526,1.3732045885,839475,817431,681,10275,269,11225,22044,806206,null
211,149,20200525,1.3880012088,826437,807348,713,10226,267,11206,19089,796142,null
212,148,20200524,1.3988269354,820289,799956,711,10213,266,11190,20333,788766,null
213,147,20200523,1.4082091086,814420,792851,705,10194,266,11165,21569,781686,null
214,146,20200522,1.4245677200,802418,782132,716,10162,264,11142,20286,770990,null
215,145,20200521,1.4433003069,788684,770595,723,10135,264,11122,18089,759473,null
216,144,20200520,1.4616843972,776433,760082,781,10066,263,11110,16351,748972,null
217,143,20200519,1.4797321575,765574,748649,877,9938,263,11078,16925,737571,null
218,142,20200518,1.5011165105,753211,737118,898,9904,263,11065,16093,726053,null
219,141,20200517,1.5137131451,747653,729993,900,9888,262,11050,17660,718943,null
220,140,20200516,1.5280312113,740645,722302,924,9851,262,11037,18343,711265,2020-05-16 10:40:31.389
221,139,20200515,1.5586980386,726747,706872,937,9821,260,11018,19875,695854,null
222,138,20200514,1.5911413772,711484,690762,969,9762,260,10991,20722,679771,null
223,137,20200513,1.6207800503,695920,676341,1008,9695,259,10962,19579,665379,null
224,136,20200512,1.6456000963,680890,664560,1008,9670,258,10936,16330,653624,null
225,135,20200511,1.6589868759,668492,657570,1021,9632,256,10909,10922,646661,null
226,134,20200510,1.6633066058,663886,653758,1008,9610,256,10874,10128,642884,null
227,133,20200509,1.6654452377,660030,650877,1016,9568,256,10840,9153,640037,null
228,132,20200508,1.6752425711,654863,645996,1082,9484,256,10822,8867,635174,null
229,131,20200507,1.6865353322,649388,640959,1135,9419,256,10810,8429,630149,null
230,130,20200506,1.7015018438,643095,635086,1218,9333,255,10806,8009,624280,null
231,129,20200505,1.7111750628,640237,631379,1267,9283,254,10804,8858,620575,null
232,128,20200504,1.7261024858,633921,625745,1332,9217,252,10801,8176,614944,null
233,127,20200503,1.7341356234,630973,622385,1360,9183,250,10793,8588,611592,null
234,126,20200502,1.7413329111,627562,619066,1407,9123,250,10780,8496,608286,null
235,125,20200501,1.7536263965,623069,614384,1454,9072,248,10774,8685,603610,null
236,124,20200430,1.7611538379,619881,611247,1459,9059,247,10765,8634,600482,null
237,123,20200429,1.7760649622,614197,605890,1593,8922,246,10761,8307,595129,null
238,122,20200428,1.7940601791,608514,599311,1654,8854,244,10752,9203,588559,null
239,121,20200427,1.8115104636,601660,592765,1731,8764,243,10738,8895,582027,
240,120,20200426,1.8205082082,598285,589286,1769,8717,242,10728,8999,578558,
241,119,20200425,1.8293161655,595161,585902,1843,8635,240,10718,9259,575184,
242,118,20200425,1.8293161655,595161,585902,1843,8635,240,10718,9259,575184,
243,117,20200425,2.1770963544,597244,587985,1843,10718,240,12801,9259,575184,
244,116,20200424,1.8464615809,589520,579920,1967,8501,240,10708,9600,569212,
245,115,20200423,1.8650057856,583971,573832,2051,8411,240,10702,10139,563130,
246,114,20200422,1.8899402302,577959,565838,2179,8277,238,10694,12121,555144,
247,113,20200421,1.9135113641,571014,558293,2233,8213,237,10683,12721,547610,
248,112,20200420,1.9370152471,563035,551054,2324,8114,236,10674,11981,540380,
249,111,20200419,1.9494720827,559109,546866,2385,8042,234,10661,12243,536205,
250,110,20200418,1.9680980779,554834,541284,2484,7937,232,10653,13550,530631,
251,109,20200417,1.9980198280,546463,532277,2576,7829,230,10635,14186,521642,
252,108,20200416,2.0234239009,538775,524507,2627,7757,229,10613,14268,513894,
253,107,20200415,2.0385890215,534552,519526,2750,7616,225,10591,15026,508935,
254,106,20200414,2.0601146284,527438,512787,2808,7534,222,10564,14651,502223,
255,105,20200413,2.0850812898,518743,505352,2873,7447,217,10537,13391,494815,
256,104,20200412,2.0989032272,514621,500833,2930,7368,214,10512,13788,490321,
257,103,20200411,2.1111623681,510479,496409,3026,7243,211,10480,14070,485929,
258,102,20200410,2.1424778525,503051,487753,3125,7117,208,10450,15298,477303,
259,101,20200409,2.1750743945,494711,479202,3246,6973,204,10423,15509,468779,
260,100,20200408,2.2181161819,486003,468145,3408,6776,200,10384,17858,457761,
261,99,20200407,2.2623255243,477304,456654,3445,6694,192,10331,20650,446323,
262,98,20200406,2.2980543408,466804,447509,3500,6598,186,10284,19295,437225,
263,97,20200405,2.3178358110,461233,441662,3591,6463,183,10237,19571,431425,
264,96,20200404,2.3353139199,455032,434888,3654,6325,177,10156,20144,424732,
265,95,20200403,2.3710720723,443273,424365,3867,6021,174,10062,18908,414303,
266,94,20200402,2.4104886217,431743,413858,3979,5828,169,9976,17885,403882,
267,93,20200402,2.4104886217,431743,413858,3979,5828,169,9976,17885,403882,
268,92,20200401,2.4414636435,421547,404962,4155,5567,165,9887,16585,395075,
269,91,20200331,2.4858257635,410564,393672,4216,5408,162,9786,16892,383886,2020-03-31 11:43:15.15
270,90,20200330,2.5312906936,395194,381663,4275,5228,158,9661,13531,372002,
271,89,20200329,2.5277423881,394141,379113,4398,5033,152,9583,15028,369530,
272,88,20200328,2.5522335409,387925,371361,4523,4811,144,9478,16564,361883,
273,87,20200327,2.5797391511,376961,361742,4665,4528,139,9332,15219,352410,
274,86,20200326,2.6359702544,364942,350573,4966,4144,131,9241,14369,341332,
275,85,20200325,2.6590574416,357896,343618,5281,3730,126,9137,14278,334481,
276,84,20200324,2.7126570651,348582,333142,5410,3507,120,9037,15440,324105,2020-04-07 19:37:58.58
277,83,20200324,2.7126570651,348582,333142,5410,3507,120,9037,15440,324105,
278,82,20200323,2.7622623363,338036,324408,5684,3166,111,8961,13628,315447,
279,81,20200322,2.8045013239,331780,317240,5884,2909,104,8897,14540,308343,
280,80,20200321,2.8219560302,327509,311805,6085,2612,102,8799,15704,303006,
281,79,20200320,2.8730918280,316664,301139,6325,2233,94,8652,15525,292487,
282,78,20200319,2.9420857378,307024,291120,6527,1947,91,8565,15904,282555,
283,77,20200318,3.0121625056,295647,279301,6789,1540,84,8413,16346,270888,
284,76,20200317,3.0880579010,286716,269425,6838,1401,81,8320,17291,261105,
285,75,20200316,3.1733922083,274504,259533,7024,1137,75,8236,14971,251297,
286,74,20200315,3.2396602365,268212,251940,7253,834,75,8162,16272,243778,
287,73,20200314,3.3180003364,261335,243701,7300,714,72,8086,17634,235615,2020-03-14 10:34:07.07
288,72,20200313,3.4584993086,248647,230707,7402,510,67,7979,17940,222728,
289,71,20200312,3.6217442732,234998,217271,7470,333,66,7869,17727,209402,
290,70,20200311,3.8041745358,222395,203855,7407,288,60,7755,18540,196100,
291,69,20200310,3.9193080566,210144,191692,7212,247,54,7513,18452,184179,
292,68,20200309,4.1203393614,196618,179160,7165,166,51,7382,17458,171778,2020-03-09 13:29:59.59
293,67,20200308,4.2177578602,188518,169142,6954,130,50,7134,19376,162008,2020-03-09 13:35:51.51
294,66,20200307,4.2675428362,178189,158569,6605,118,44,6767,19620,151802,2020-03-09 13:36:26.26
295,65,20200306,4.3972345844,164740,142908,6134,108,42,6284,21832,136624,2020-03-09 14:05:01.01
296,64,20200305,4.6227481540,146541,124731,5643,88,35,5766,21810,118965,2020-03-09 14:06:01.01
297,63,20200304,4.9199855946,136707,108293,5255,41,32,5328,28414,102965,2020-03-09 14:06:59.59
298,62,20200303,5.3291397182,125851,90296,4750,34,28,4812,35555,85484,2020-03-09 14:08:12.12
299,61,20200302,5.5573147561,109591,75792,4159,31,22,4212,33799,71580,2020-03-09 14:08:51.51
300,60,20200301,,,,,30,18,3736,33360,,
301,59,20200301,,,,,30,17,3526,32422,,
302,58,20200229,,,,,28,17,3150,35182,,2020-02-29 18:02:17.17
303,57,20200229,,,,,27,16,2931,29154,,
304,56,20200228,,,,,27,13,2337,30237,,
305,55,20200228,,,,,26,13,2022,24751,,2020-02-28 13:34:23.23
306,54,20200227,,,,,26,13,1766,25568,,
307,53,20200227,,,,,24,12,1595,21097,,
308,52,20200226,,,,,24,12,1261,20716,,
309,51,20200226,,,,,22,11,1146,16734,,
310,50,20200225,,,,,22,10,977,13880,,
311,49,20200225,,,,,22,8,893,13273,,
312,48,20200224,,,,,22,7,833,11631,,
313,47,20200224,,,,,18,7,763,8725,,
314,46,20200223,,,,,18,5,602,8057,,
315,45,20200223,,,,,18,4,556,6039,,
316,44,20200222,,,,,18,2,433,6037,,
317,43,20200222,,,,,17,2,346,5481,,
318,42,20200221,,,,,17,1,204,3180,,
319,41,20200221,,,,,17,1,204,3180,,
320,40,20200221,,,,,16,1,156,2707,,
321,39,20200220,,,,,16,1,104,1860,,
322,38,20200220,,,,,16,0,82,1633,,
323,37,20200219,,,,,16,0,51,1149,,
324,36,20200219,,,,,12,0,46,1030,,
325,35,20200218,,,,,12,0,31,818,,
326,34,20200218,,,,,10,0,31,957,,
327,33,20200218,,,,,10,0,31,957,,
328,32,20200217,,,,,10,0,30,708,,
329,31,20200217,,,,,9,0,30,408,,
330,30,20200216,,,,,9,0,29,485,,
331,29,20200216,,,,,9,0,29,577,,
332,28,20200215,,,,,9,0,28,558,,
333,27,20200215,,,,,7,0,28,638,,
334,26,20200214,,,,,7,0,28,535,,
335,25,20200214,,,,,7,0,28,692,,
336,24,20200213,,,,,7,0,28,562,,
337,23,20200213,,,,,7,0,28,670,,
338,22,20200212,,,,,7,0,28,785,,
339,21,20200212,,,,,4,0,28,992,,
340,20,20200211,,,,,4,0,28,762,,
341,19,20200211,,,,,4,0,28,865,,
342,18,20200210,,,,,3,0,27,531,,2020-02-10 19:04:27.27
343,17,20200210,,,,,3,0,27,809,,
344,16,20200209,,,,,3,0,27,888,,
345,15,20200209,,,,,3,0,25,960,,2020-02-09 11:08:56.56
346,14,20200208,,,,,2,0,24,939,,
347,13,20200208,,,,,2,0,24,939,,
348,12,20200208,,,,,2,0,24,939,,
349,11,20200208,,,,,2,0,24,939,,
350,10,20200208,,,,,2,0,24,620,,
351,9,20200207,,,,,2,0,24,327,,
352,8,20200207,,,,,2,0,24,264,,2020-02-07 11:44:30.30
353,7,20200206,,,,,1,0,23,169,,2020-02-06 10:04:35.35
354,6,20200205,,,,,1,0,19,40,,2020-02-06 10:05:36.36
355,5,20200205,,,,,0,0,18,129,,2020-02-05 9:43:16.16
356,4,20200204,,,,,0,0,0,0,,
357,3,20200203,,,,,0,0,15,0,,2020-02-04 14:19:46.46
358,2,20200202,,,,,2,2,2,2,,
359,1,20200101,,,,,1,0,0,1,,2020-02-03 12:21:56.56
