일자2,강원,경기,경남,경북,광주,대구,대전,부산,서울,세종,울산,인천,전남,전북,제주,충남,충북,합계
2020-03-01,0.0,0.0,0.0,0.0,0.0,0.0,0.0,0.0,0.0,0.0,0.0,0.0,0.0,0.0,0.0,0.0,0.0,0.0
2020-03-04,21.0,101.0,65.0,774.0,13.0,4006.0,15.0,93.0,99.0,1.0,23.0,9.0,5.0,7.0,3.0,82.0,11.0,5328.0
2020-03-05,2.0,9.0,9.0,87.0,1.0,321.0,1.0,-1.0,4.0,0.0,0.0,0.0,-1.0,0.0,1.0,4.0,1.0,438.0
2020-03-06,2.0,10.0,3.0,123.0,-1.0,367.0,2.0,3.0,2.0,0.0,0.0,0.0,0.0,0.0,0.0,4.0,3.0,518.0
2020-03-07,1.0,10.0,5.0,65.0,0.0,390.0,0.0,1.0,3.0,1.0,0.0,0.0,0.0,0.0,0.0,2.0,5.0,483.0
2020-03-08,1.0,11.0,1.0,32.0,0.0,297.0,0.0,1.0,12.0,1.0,1.0,0.0,0.0,0.0,0.0,6.0,4.0,367.0
2020-03-09,1.0,11.0,0.0,26.0,2.0,190.0,1.0,-1.0,10.0,3.0,0.0,0.0,0.0,0.0,0.0,4.0,1.0,248.0
2020-03-10,0.0,11.0,0.0,10.0,0.0,92.0,-1.0,0.0,11.0,2.0,0.0,4.0,0.0,0.0,0.0,2.0,0.0,131.0
2020-03-11,1.0,12.0,1.0,18.0,0.0,131.0,0.0,2.0,52.0,2.0,1.0,12.0,0.0,0.0,0.0,8.0,2.0,242.0
2020-03-12,0.0,3.0,1.0,8.0,0.0,73.0,2.0,1.0,19.0,5.0,0.0,0.0,0.0,0.0,0.0,2.0,0.0,114.0
2020-03-13,0.0,7.0,0.0,4.0,0.0,61.0,2.0,1.0,13.0,17.0,2.0,2.0,0.0,0.0,0.0,1.0,0.0,110.0
2020-03-14,0.0,15.0,0.0,6.0,0.0,62.0,0.0,3.0,13.0,6.0,0.0,1.0,0.0,0.0,0.0,0.0,1.0,107.0
2020-03-15,0.0,11.0,0.0,4.0,1.0,41.0,0.0,3.0,9.0,1.0,1.0,2.0,0.0,0.0,0.0,0.0,3.0,76.0
2020-03-16,0.0,20.0,0.0,7.0,0.0,35.0,0.0,1.0,6.0,1.0,0.0,0.0,0.0,0.0,0.0,0.0,0.0,74.0
2020-03-17,0.0,31.0,1.0,5.0,0.0,32.0,0.0,0.0,12.0,0.0,0.0,1.0,0.0,0.0,0.0,0.0,0.0,84.0
2020-03-18,1.0,15.0,0.0,9.0,1.0,46.0,0.0,0.0,5.0,1.0,2.0,1.0,1.0,2.0,0.0,3.0,1.0,93.0
2020-03-19,0.0,18.0,0.0,12.0,0.0,97.0,0.0,0.0,12.0,0.0,6.0,0.0,0.0,1.0,0.0,0.0,1.0,152.0
2020-03-20,0.0,14.0,1.0,13.0,1.0,34.0,0.0,1.0,17.0,0.0,0.0,4.0,0.0,0.0,0.0,1.0,0.0,87.0
2020-03-21,0.0,12.0,0.0,40.0,0.0,69.0,0.0,0.0,15.0,0.0,0.0,4.0,0.0,0.0,0.0,0.0,1.0,147.0
2020-03-22,0.0,16.0,1.0,11.0,1.0,43.0,2.0,0.0,10.0,0.0,0.0,0.0,1.0,0.0,0.0,1.0,1.0,98.0
2020-03-23,0.0,14.0,1.0,2.0,0.0,24.0,0.0,1.0,6.0,1.0,0.0,0.0,0.0,0.0,0.0,0.0,2.0,64.0
2020-03-24,0.0,15.0,1.0,1.0,0.0,31.0,0.0,2.0,4.0,0.0,0.0,1.0,0.0,0.0,0.0,0.0,1.0,76.0
2020-03-25,1.0,21.0,0.0,5.0,0.0,14.0,0.0,1.0,13.0,2.0,1.0,1.0,2.0,0.0,2.0,3.0,0.0,100.0
2020-03-26,0.0,14.0,0.0,12.0,0.0,26.0,6.0,0.0,13.0,0.0,0.0,1.0,0.0,0.0,0.0,1.0,1.0,104.0
2020-03-27,0.0,11.0,1.0,9.0,1.0,34.0,1.0,1.0,12.0,0.0,2.0,3.0,0.0,0.0,1.0,0.0,2.0,91.0
2020-03-28,1.0,21.0,0.0,2.0,0.0,71.0,0.0,1.0,18.0,0.0,0.0,5.0,0.0,0.0,1.0,2.0,0.0,146.0
2020-03-29,2.0,15.0,3.0,2.0,0.0,23.0,3.0,3.0,20.0,2.0,0.0,7.0,1.0,2.0,0.0,1.0,0.0,105.0
2020-03-30,2.0,15.0,1.0,11.0,0.0,14.0,0.0,1.0,16.0,0.0,0.0,0.0,0.0,1.0,1.0,0.0,3.0,78.0
2020-03-31,0.0,13.0,1.0,2.0,0.0,60.0,2.0,1.0,24.0,0.0,0.0,6.0,0.0,0.0,0.0,1.0,0.0,125.0
2020-04-01,2.0,23.0,4.0,2.0,4.0,20.0,0.0,3.0,24.0,0.0,0.0,5.0,3.0,1.0,0.0,3.0,0.0,101.0
2020-04-02,1.0,17.0,6.0,2.0,1.0,21.0,0.0,0.0,14.0,0.0,1.0,4.0,2.0,0.0,0.0,2.0,0.0,89.0
2020-04-03,2.0,23.0,1.0,5.0,1.0,9.0,0.0,0.0,18.0,0.0,0.0,1.0,1.0,1.0,0.0,1.0,1.0,86.0
2020-04-04,1.0,23.0,1.0,1.0,0.0,27.0,0.0,0.0,22.0,0.0,0.0,3.0,0.0,0.0,0.0,1.0,0.0,94.0
2020-04-05,3.0,10.0,1.0,4.0,1.0,7.0,1.0,0.0,24.0,0.0,0.0,2.0,0.0,1.0,3.0,0.0,0.0,81.0
2020-04-06,0.0,8.0,2.0,2.0,0.0,13.0,2.0,0.0,11.0,0.0,0.0,1.0,0.0,0.0,0.0,1.0,0.0,47.0
2020-04-07,2.0,10.0,1.0,1.0,0.0,13.0,0.0,1.0,4.0,0.0,0.0,0.0,0.0,0.0,0.0,1.0,0.0,47.0
2020-04-08,2.0,16.0,3.0,3.0,0.0,13.0,0.0,2.0,23.0,0.0,0.0,4.0,0.0,1.0,0.0,1.0,0.0,92.0
2020-04-09,0.0,0.0,0.0,0.0,0.0,0.0,0.0,0.0,0.0,0.0,0.0,0.0,0.0,0.0,0.0,0.0,0.0,0.0
2020-04-10,0.0,9.0,0.0,7.0,0.0,0.0,0.0,1.0,5.0,0.0,0.0,1.0,0.0,0.0,0.0,0.0,0.0,27.0
2020-04-11,0.0,9.0,0.0,3.0,0.0,7.0,0.0,0.0,4.0,0.0,1.0,0.0,0.0,0.0,0.0,0.0,0.0,30.0
2020-04-12,0.0,4.0,0.0,3.0,0.0,2.0,0.0,0.0,3.0,0.0,0.0,1.0,0.0,0.0,0.0,1.0,0.0,32.0
2020-04-13,0.0,3.0,0.0,4.0,0.0,3.0,0.0,0.0,8.0,0.0,0.0,1.0,0.0,0.0,0.0,0.0,0.0,25.0
2020-04-14,0.0,8.0,0.0,5.0,0.0,3.0,0.0,0.0,2.0,0.0,1.0,1.0,0.0,0.0,0.0,0.0,0.0,27.0
2020-04-15,2.0,6.0,0.0,6.0,1.0,1.0,0.0,1.0,5.0,0.0,0.0,0.0,0.0,0.0,1.0,0.0,0.0,27.0
2020-04-16,1.0,4.0,0.0,4.0,0.0,4.0,0.0,3.0,2.0,0.0,0.0,0.0,0.0,0.0,0.0,0.0,0.0,22.0
2020-04-17,0.0,1.0,0.0,4.0,2.0,0.0,1.0,0.0,2.0,0.0,0.0,1.0,0.0,0.0,0.0,0.0,0.0,22.0
2020-04-18,1.0,4.0,1.0,2.0,0.0,3.0,-1.0,0.0,1.0,0.0,0.0,1.0,0.0,0.0,0.0,2.0,0.0,18.0
2020-04-19,0.0,0.0,0.0,1.0,0.0,2.0,0.0,0.0,2.0,0.0,0.0,1.0,0.0,0.0,0.0,0.0,0.0,8.0
2020-04-20,0.0,2.0,0.0,2.0,0.0,1.0,0.0,2.0,0.0,0.0,1.0,1.0,0.0,0.0,0.0,0.0,0.0,13.0
2020-04-21,0.0,2.0,0.0,0.0,0.0,2.0,0.0,0.0,2.0,0.0,0.0,0.0,0.0,0.0,0.0,0.0,0.0,9.0
2020-04-22,0.0,0.0,1.0,2.0,0.0,1.0,1.0,2.0,2.0,0.0,0.0,0.0,0.0,0.0,0.0,0.0,0.0,11.0
2020-04-23,0.0,1.0,0.0,0.0,0.0,4.0,0.0,1.0,0.0,0.0,0.0,0.0,0.0,0.0,0.0,0.0,0.0,8.0
2020-04-24,0.0,1.0,0.0,1.0,0.0,2.0,0.0,1.0,0.0,0.0,0.0,0.0,0.0,0.0,0.0,0.0,0.0,6.0
2020-04-25,0.0,2.0,0.0,0.0,0.0,3.0,0.0,0.0,1.0,0.0,0.0,0.0,0.0,0.0,0.0,0.0,0.0,10.0
2020-04-26,0.0,6.0,0.0,0.0,0.0,1.0,0.0,1.0,0.0,0.0,0.0,0.0,0.0,1.0,0.0,0.0,0.0,10.0
2020-04-27,0.0,3.0,0.0,0.0,0.0,1.0,0.0,0.0,0.0,0.0,0.0,0.0,0.0,0.0,0.0,1.0,0.0,10.0
2020-04-28,0.0,3.0,0.0,1.0,0.0,2.0,0.0,0.0,4.0,0.0,0.0,1.0,0.0,0.0,0.0,0.0,0.0,14.0
2020-04-29,0.0,2.0,0.0,0.0,0.0,3.0,0.0,0.0,0.0,0.0,0.0,0.0,0.0,0.0,0.0,1.0,0.0,9.0
2020-04-30,0.0,0.0,0.0,0.0,0.0,0.0,0.0,0.0,0.0,0.0,0.0,0.0,0.0,0.0,0.0,0.0,0.0,4.0
2020-05-01,0.0,2.0,0.0,1.0,0.0,0.0,0.0,0.0,1.0,0.0,0.0,1.0,0.0,0.0,0.0,0.0,0.0,9.0
2020-05-02,0.0,0.0,0.0,0.0,0.0,0.0,0.0,1.0,1.0,0.0,0.0,1.0,0.0,0.0,0.0,0.0,0.0,6.0
2020-05-03,0.0,2.0,0.0,0.0,0.0,4.0,0.0,0.0,2.0,0.0,0.0,0.0,0.0,0.0,0.0,0.0,0.0,13.0
2020-05-04,0.0,1.0,0.0,0.0,0.0,0.0,0.0,0.0,0.0,0.0,1.0,1.0,1.0,0.0,0.0,0.0,0.0,8.0
2020-05-05,0.0,0.0,0.0,0.0,0.0,0.0,0.0,0.0,0.0,0.0,0.0,1.0,0.0,0.0,0.0,0.0,0.0,3.0
2020-05-06,0.0,0.0,0.0,0.0,0.0,0.0,0.0,0.0,0.0,0.0,0.0,0.0,0.0,0.0,0.0,0.0,0.0,2.0
2020-05-07,0.0,1.0,0.0,0.0,0.0,0.0,1.0,0.0,0.0,0.0,0.0,0.0,0.0,0.0,0.0,0.0,1.0,4.0
2020-05-08,0.0,2.0,0.0,0.0,0.0,3.0,0.0,2.0,0.0,0.0,0.0,0.0,0.0,1.0,0.0,0.0,1.0,12.0
2020-05-09,0.0,4.0,0.0,0.0,0.0,0.0,0.0,1.0,12.0,0.0,0.0,1.0,0.0,0.0,0.0,0.0,0.0,18.0
2020-05-10,0.0,6.0,0.0,0.0,0.0,2.0,0.0,0.0,14.0,0.0,0.0,3.0,0.0,0.0,1.0,0.0,2.0,34.0
2020-05-11,1.0,4.0,0.0,0.0,0.0,0.0,0.0,0.0,20.0,1.0,0.0,3.0,0.0,0.0,0.0,0.0,3.0,35.0
2020-05-12,0.0,8.0,1.0,1.0,0.0,1.0,2.0,0.0,12.0,0.0,0.0,1.0,0.0,0.0,0.0,0.0,0.0,27.0
2020-05-13,0.0,2.0,1.0,0.0,0.0,3.0,0.0,3.0,12.0,0.0,1.0,2.0,0.0,1.0,0.0,0.0,0.0,26.0
2020-05-14,1.0,6.0,0.0,1.0,0.0,0.0,0.0,0.0,4.0,0.0,0.0,12.0,1.0,0.0,0.0,1.0,3.0,29.0
2020-05-15,0.0,3.0,0.0,0.0,0.0,3.0,0.0,0.0,14.0,0.0,0.0,5.0,1.0,0.0,0.0,0.0,0.0,27.0
2020-05-16,0.0,4.0,0.0,0.0,0.0,1.0,0.0,-30.0,5.0,0.0,0.0,0.0,0.0,0.0,0.0,0.0,1.0,19.0
2020-05-17,0.0,0.0,2.0,0.0,0.0,1.0,1.0,30.0,5.0,0.0,0.0,0.0,0.0,0.0,0.0,0.0,0.0,13.0
2020-05-18,0.0,3.0,0.0,0.0,0.0,1.0,0.0,0.0,1.0,0.0,0.0,0.0,0.0,0.0,0.0,0.0,3.0,15.0
2020-05-19,0.0,1.0,0.0,0.0,0.0,0.0,0.0,0.0,6.0,0.0,4.0,2.0,0.0,0.0,0.0,0.0,0.0,13.0
2020-05-20,0.0,10.0,0.0,0.0,0.0,1.0,0.0,0.0,10.0,0.0,0.0,8.0,0.0,1.0,0.0,0.0,0.0,32.0
2020-05-21,0.0,0.0,0.0,0.0,0.0,0.0,0.0,0.0,4.0,0.0,0.0,6.0,0.0,0.0,0.0,1.0,0.0,12.0
2020-05-22,0.0,6.0,1.0,2.0,0.0,0.0,0.0,0.0,2.0,0.0,1.0,1.0,0.0,0.0,0.0,0.0,0.0,20.0
2020-05-23,0.0,13.0,1.0,0.0,0.0,1.0,1.0,0.0,4.0,0.0,0.0,0.0,0.0,0.0,0.0,0.0,0.0,23.0
2020-05-24,1.0,6.0,0.0,6.0,0.0,0.0,0.0,0.0,6.0,0.0,0.0,2.0,0.0,0.0,0.0,0.0,0.0,25.0
2020-05-25,0.0,6.0,0.0,1.0,0.0,1.0,0.0,0.0,6.0,0.0,0.0,1.0,0.0,0.0,0.0,0.0,0.0,16.0
2020-05-26,0.0,2.0,0.0,1.0,0.0,1.0,0.0,0.0,9.0,0.0,0.0,3.0,0.0,0.0,0.0,0.0,1.0,19.0
2020-05-27,0.0,6.0,0.0,0.0,0.0,3.0,0.0,0.0,19.0,0.0,0.0,11.0,0.0,0.0,0.0,0.0,0.0,40.0
2020-05-28,0.0,21.0,0.0,1.0,0.0,2.0,0.0,1.0,24.0,0.0,0.0,22.0,0.0,0.0,0.0,1.0,0.0,79.0
2020-05-29,0.0,20.0,0.0,0.0,0.0,0.0,0.0,0.0,20.0,0.0,0.0,18.0,0.0,0.0,0.0,0.0,0.0,58.0
2020-05-30,1.0,13.0,0.0,0.0,2.0,2.0,0.0,1.0,9.0,0.0,0.0,5.0,1.0,0.0,0.0,0.0,0.0,39.0
2020-05-31,0.0,12.0,0.0,0.0,0.0,1.0,1.0,1.0,6.0,0.0,2.0,3.0,0.0,0.0,1.0,0.0,0.0,27.0
2020-06-01,0.0,12.0,0.0,0.0,0.0,1.0,0.0,0.0,1.0,0.0,0.0,18.0,1.0,0.0,0.0,0.0,0.0,35.0
2020-06-02,0.0,15.0,0.0,0.0,0.0,0.0,0.0,0.0,14.0,0.0,0.0,8.0,0.0,0.0,0.0,0.0,0.0,38.0
2020-06-03,0.0,12.0,0.0,0.0,0.0,1.0,0.0,0.0,19.0,0.0,0.0,17.0,0.0,0.0,0.0,0.0,0.0,49.0
2020-06-04,0.0,15.0,0.0,1.0,0.0,0.0,0.0,0.0,14.0,0.0,0.0,7.0,0.0,0.0,0.0,0.0,0.0,39.0
2020-06-05,0.0,13.0,0.0,2.0,0.0,1.0,0.0,0.0,15.0,0.0,0.0,6.0,0.0,0.0,0.0,1.0,0.0,39.0
2020-06-06,1.0,8.0,1.0,1.0,0.0,0.0,0.0,0.0,23.0,0.0,0.0,11.0,0.0,0.0,0.0,1.0,0.0,51.0
2020-06-07,0.0,19.0,0.0,0.0,0.0,1.0,0.0,0.0,27.0,0.0,1.0,6.0,0.0,0.0,0.0,0.0,1.0,57.0
2020-06-08,0.0,8.0,0.0,0.0,0.0,1.0,0.0,0.0,22.0,0.0,0.0,4.0,0.0,0.0,0.0,0.0,0.0,38.0
2020-06-09,0.0,13.0,1.0,0.0,0.0,0.0,0.0,0.0,19.0,0.0,0.0,3.0,0.0,0.0,0.0,2.0,0.0,38.0
2020-06-10,1.0,21.0,2.0,0.0,0.0,0.0,0.0,0.0,12.0,0.0,0.0,8.0,0.0,0.0,0.0,0.0,0.0,50.0
2020-06-11,0.0,16.0,0.0,0.0,0.0,0.0,0.0,0.0,21.0,0.0,0.0,6.0,0.0,0.0,0.0,0.0,0.0,45.0
2020-06-12,0.0,19.0,0.0,0.0,0.0,1.0,0.0,0.0,25.0,0.0,0.0,1.0,0.0,0.0,0.0,0.0,0.0,56.0
2020-06-13,0.0,14.0,0.0,0.0,0.0,3.0,0.0,0.0,28.0,0.0,0.0,1.0,0.0,0.0,0.0,1.0,0.0,48.0
2020-06-14,1.0,10.0,0.0,0.0,0.0,2.0,0.0,0.0,12.0,0.0,0.0,8.0,0.0,0.0,0.0,0.0,0.0,34.0
2020-06-15,0.0,10.0,3.0,0.0,0.0,0.0,0.0,0.0,7.0,0.0,0.0,8.0,0.0,0.0,0.0,1.0,0.0,36.0
2020-06-16,0.0,5.0,2.0,0.0,0.0,0.0,3.0,1.0,12.0,0.0,0.0,2.0,0.0,0.0,0.0,0.0,0.0,34.0
2020-06-17,0.0,13.0,0.0,0.0,0.0,1.0,5.0,0.0,13.0,0.0,0.0,2.0,0.0,0.0,1.0,1.0,0.0,43.0
2020-06-18,0.0,16.0,0.0,0.0,0.0,1.0,7.0,0.0,25.0,1.0,0.0,1.0,0.0,1.0,0.0,3.0,0.0,59.0
2020-06-19,0.0,11.0,0.0,0.0,0.0,0.0,6.0,0.0,18.0,0.0,0.0,0.0,0.0,0.0,3.0,0.0,0.0,49.0
2020-06-20,0.0,17.0,0.0,1.0,0.0,2.0,5.0,2.0,14.0,0.0,0.0,5.0,0.0,1.0,0.0,2.0,0.0,67.0
2020-06-21,2.0,10.0,1.0,0.0,1.0,1.0,10.0,0.0,17.0,1.0,0.0,0.0,0.0,0.0,0.0,1.0,0.0,48.0
2020-06-22,0.0,6.0,0.0,1.0,0.0,1.0,0.0,0.0,5.0,0.0,0.0,1.0,0.0,1.0,0.0,2.0,0.0,17.0
2020-06-23,0.0,7.0,0.0,0.0,0.0,1.0,4.0,0.0,6.0,0.0,0.0,1.0,0.0,0.0,0.0,0.0,1.0,46.0
2020-06-24,1.0,7.0,0.0,1.0,0.0,2.0,8.0,2.0,11.0,0.0,2.0,3.0,0.0,1.0,0.0,1.0,0.0,51.0
2020-06-25,0.0,9.0,0.0,0.0,0.0,0.0,4.0,0.0,9.0,0.0,0.0,1.0,0.0,0.0,0.0,1.0,0.0,28.0
2020-06-26,1.0,4.0,0.0,1.0,0.0,0.0,4.0,0.0,17.0,0.0,0.0,2.0,0.0,0.0,0.0,3.0,0.0,39.0
2020-06-27,0.0,17.0,0.0,0.0,0.0,1.0,2.0,0.0,17.0,0.0,0.0,1.0,0.0,1.0,0.0,0.0,1.0,51.0
2020-06-28,0.0,17.0,0.0,0.0,4.0,0.0,6.0,0.0,14.0,0.0,0.0,0.0,3.0,0.0,0.0,1.0,1.0,62.0
2020-06-29,0.0,16.0,1.0,1.0,4.0,2.0,2.0,1.0,7.0,0.0,0.0,1.0,1.0,1.0,0.0,0.0,0.0,42.0
2020-06-30,1.0,7.0,0.0,1.0,3.0,0.0,5.0,1.0,7.0,1.0,0.0,3.0,0.0,0.0,0.0,0.0,1.0,43.0
2020-07-01,0.0,16.0,0.0,0.0,12.0,1.0,4.0,0.0,9.0,0.0,0.0,2.0,1.0,0.0,0.0,1.0,-1.0,50.0
2020-07-02,0.0,10.0,0.0,0.0,22.0,3.0,1.0,0.0,13.0,0.0,0.0,0.0,0.0,0.0,0.0,3.0,0.0,54.0
2020-07-03,0.0,18.0,2.0,1.0,6.0,13.0,4.0,0.0,12.0,0.0,0.0,1.0,0.0,1.0,0.0,1.0,0.0,63.0
2020-07-04,0.0,19.0,1.0,1.0,8.0,1.0,3.0,1.0,7.0,0.0,0.0,2.0,0.0,0.0,0.0,0.0,2.0,63.0
2020-07-05,1.0,8.0,0.0,1.0,16.0,0.0,8.0,0.0,16.0,0.0,0.0,0.0,0.0,1.0,1.0,0.0,0.0,61.0
2020-07-06,1.0,6.0,1.0,1.0,7.0,0.0,2.0,1.0,3.0,0.0,0.0,6.0,2.0,0.0,0.0,1.0,0.0,46.0
2020-07-07,0.0,13.0,0.0,0.0,6.0,1.0,2.0,0.0,3.0,0.0,0.0,2.0,0.0,1.0,0.0,0.0,0.0,44.0
2020-07-08,0.0,18.0,2.0,1.0,8.0,1.0,2.0,0.0,10.0,0.0,0.0,1.0,1.0,2.0,0.0,6.0,0.0,63.0
2020-07-09,0.0,8.0,2.0,-1.0,15.0,0.0,6.0,0.0,8.0,0.0,0.0,3.0,1.0,1.0,0.0,1.0,0.0,49.0
2020-07-10,0.0,14.0,3.0,0.0,3.0,0.0,7.0,0.0,8.0,0.0,0.0,1.0,3.0,0.0,0.0,0.0,2.0,45.0
2020-07-11,0.0,4.0,0.0,0.0,9.0,0.0,2.0,0.0,8.0,0.0,0.0,1.0,0.0,2.0,0.0,1.0,0.0,35.0
2020-07-12,0.0,17.0,1.0,0.0,5.0,0.0,1.0,0.0,7.0,0.0,0.0,0.0,0.0,1.0,0.0,0.0,0.0,44.0
2020-07-13,2.0,11.0,2.0,0.0,7.0,1.0,0.0,0.0,13.0,0.0,0.0,3.0,0.0,0.0,0.0,4.0,1.0,62.0
2020-07-14,0.0,9.0,0.0,0.0,1.0,0.0,1.0,0.0,7.0,0.0,0.0,0.0,0.0,2.0,0.0,0.0,1.0,33.0
2020-07-15,0.0,5.0,0.0,0.0,1.0,0.0,3.0,0.0,6.0,0.0,0.0,1.0,0.0,0.0,0.0,0.0,0.0,39.0
2020-07-16,3.0,21.0,1.0,0.0,1.0,2.0,1.0,0.0,7.0,0.0,1.0,3.0,0.0,0.0,0.0,0.0,1.0,61.0
2020-07-17,0.0,15.0,2.0,0.0,5.0,0.0,1.0,0.0,9.0,0.0,0.0,0.0,0.0,0.0,3.0,0.0,0.0,60.0
2020-07-18,0.0,10.0,2.0,0.0,0.0,3.0,0.0,1.0,6.0,0.0,1.0,2.0,1.0,0.0,1.0,0.0,0.0,39.0
2020-07-19,0.0,4.0,0.0,0.0,10.0,0.0,1.0,0.0,10.0,0.0,0.0,1.0,0.0,0.0,1.0,0.0,0.0,34.0
2020-07-20,0.0,1.0,2.0,1.0,1.0,2.0,0.0,0.0,3.0,0.0,0.0,2.0,2.0,1.0,0.0,1.0,0.0,26.0
2020-07-21,0.0,2.0,0.0,1.0,0.0,2.0,0.0,0.0,21.0,0.0,0.0,0.0,0.0,0.0,1.0,0.0,0.0,45.0
2020-07-22,0.0,15.0,1.0,0.0,4.0,1.0,0.0,0.0,16.0,0.0,0.0,5.0,0.0,0.0,0.0,1.0,1.0,63.0
2020-07-23,0.0,28.0,0.0,0.0,9.0,0.0,0.0,2.0,12.0,0.0,0.0,3.0,0.0,0.0,0.0,0.0,0.0,59.0
2020-07-24,0.0,8.0,2.0,1.0,2.0,2.0,0.0,2.0,21.0,0.0,0.0,0.0,0.0,0.0,0.0,0.0,0.0,41.0
2020-07-25,0.0,14.0,0.0,0.0,0.0,0.0,0.0,5.0,11.0,0.0,1.0,0.0,1.0,0.0,0.0,0.0,0.0,113.0
2020-07-26,0.0,7.0,0.0,0.0,1.0,0.0,0.0,1.0,7.0,0.0,0.0,0.0,0.0,0.0,0.0,0.0,0.0,58.0
2020-07-27,0.0,6.0,0.0,0.0,0.0,0.0,0.0,1.0,9.0,0.0,0.0,0.0,0.0,0.0,0.0,1.0,1.0,25.0
2020-07-28,0.0,6.0,0.0,1.0,0.0,0.0,0.0,2.0,6.0,0.0,0.0,0.0,2.0,0.0,0.0,1.0,0.0,28.0
2020-07-29,0.0,11.0,0.0,1.0,1.0,0.0,0.0,1.0,9.0,0.0,1.0,3.0,0.0,0.0,0.0,0.0,0.0,48.0
2020-07-30,0.0,5.0,1.0,1.0,0.0,0.0,0.0,0.0,3.0,0.0,0.0,0.0,0.0,0.0,0.0,0.0,0.0,18.0
2020-07-31,2.0,10.0,0.0,2.0,0.0,1.0,0.0,0.0,8.0,0.0,0.0,0.0,0.0,0.0,0.0,1.0,0.0,36.0
2020-08-01,0.0,7.0,0.0,1.0,0.0,0.0,0.0,1.0,2.0,0.0,0.0,1.0,0.0,0.0,0.0,0.0,0.0,31.0
2020-08-02,0.0,3.0,0.0,1.0,1.0,2.0,0.0,1.0,5.0,0.0,0.0,0.0,0.0,0.0,0.0,0.0,0.0,30.0
2020-08-03,0.0,1.0,2.0,1.0,0.0,0.0,0.0,0.0,5.0,0.0,0.0,0.0,0.0,0.0,0.0,0.0,0.0,23.0
2020-08-04,0.0,11.0,0.0,1.0,2.0,0.0,0.0,1.0,9.0,0.0,0.0,1.0,1.0,0.0,0.0,0.0,1.0,34.0
2020-08-05,1.0,7.0,4.0,0.0,1.0,1.0,0.0,0.0,6.0,0.0,0.0,1.0,0.0,0.0,0.0,0.0,6.0,33.0
2020-08-06,2.0,13.0,1.0,4.0,0.0,0.0,0.0,3.0,9.0,0.0,0.0,0.0,2.0,0.0,0.0,2.0,1.0,43.0
2020-08-07,0.0,5.0,0.0,1.0,0.0,0.0,0.0,0.0,9.0,0.0,0.0,0.0,0.0,0.0,0.0,0.0,0.0,20.0
2020-08-08,0.0,18.0,0.0,0.0,0.0,1.0,0.0,0.0,17.0,0.0,0.0,2.0,0.0,0.0,0.0,0.0,0.0,43.0
2020-08-09,0.0,15.0,0.0,0.0,2.0,1.0,0.0,0.0,13.0,0.0,1.0,1.0,0.0,0.0,0.0,1.0,1.0,36.0
2020-08-10,0.0,6.0,0.0,1.0,0.0,0.0,0.0,1.0,13.0,0.0,0.0,0.0,1.0,0.0,0.0,0.0,0.0,28.0
2020-08-11,0.0,13.0,0.0,0.0,0.0,0.0,0.0,9.0,6.0,0.0,0.0,0.0,0.0,1.0,0.0,2.0,0.0,34.0
2020-08-12,0.0,19.0,0.0,0.0,6.0,0.0,1.0,4.0,15.0,0.0,0.0,0.0,0.0,0.0,0.0,1.0,0.0,54.0
2020-08-13,0.0,17.0,1.0,0.0,2.0,1.0,0.0,2.0,26.0,0.0,1.0,0.0,0.0,2.0,0.0,1.0,0.0,56.0
2020-08-14,1.0,47.0,0.0,1.0,2.0,0.0,0.0,5.0,32.0,0.0,1.0,4.0,0.0,0.0,0.0,3.0,0.0,103.0
2020-08-15,3.0,72.0,1.0,0.0,1.0,0.0,1.0,3.0,74.0,0.0,0.0,6.0,0.0,1.0,0.0,2.0,0.0,166.0
2020-08-16,0.0,98.0,2.0,0.0,7.0,1.0,0.0,7.0,146.0,0.0,3.0,9.0,0.0,0.0,0.0,5.0,1.0,279.0
2020-08-17,1.0,70.0,0.0,2.0,7.0,1.0,2.0,7.0,90.0,0.0,0.0,7.0,0.0,1.0,0.0,4.0,3.0,197.0
2020-08-18,2.0,52.0,0.0,3.0,4.0,6.0,0.0,7.0,132.0,0.0,3.0,18.0,0.0,7.0,0.0,5.0,1.0,246.0
2020-08-19,6.0,99.0,1.0,3.0,6.0,2.0,0.0,9.0,151.0,2.0,0.0,8.0,2.0,1.0,0.0,3.0,2.0,297.0
2020-08-20,5.0,85.0,3.0,5.0,1.0,3.0,8.0,15.0,135.0,1.0,0.0,10.0,3.0,6.0,0.0,5.0,1.0,288.0
2020-08-21,9.0,103.0,4.0,6.0,5.0,4.0,7.0,8.0,126.0,3.0,1.0,18.0,6.0,5.0,0.0,13.0,3.0,324.0
2020-08-22,16.0,95.0,9.0,4.0,11.0,9.0,5.0,3.0,128.0,1.0,3.0,22.0,7.0,4.0,2.0,7.0,2.0,332.0
2020-08-23,15.0,125.0,9.0,2.0,17.0,6.0,15.0,2.0,140.0,0.0,3.0,32.0,14.0,0.0,0.0,10.0,3.0,397.0
2020-08-24,6.0,85.0,1.0,6.0,1.0,0.0,10.0,3.0,97.0,3.0,1.0,20.0,7.0,4.0,0.0,8.0,10.0,266.0
2020-08-25,8.0,72.0,2.0,1.0,4.0,5.0,11.0,3.0,134.0,3.0,0.0,15.0,1.0,4.0,3.0,9.0,2.0,280.0
2020-08-26,18.0,98.0,5.0,0.0,7.0,3.0,7.0,4.0,112.0,0.0,2.0,27.0,13.0,7.0,2.0,12.0,0.0,320.0
2020-08-27,14.0,102.0,8.0,4.0,39.0,13.0,3.0,8.0,154.0,0.0,2.0,59.0,13.0,2.0,1.0,15.0,1.0,441.0
2020-08-28,3.0,113.0,4.0,1.0,17.0,8.0,3.0,8.0,146.0,2.0,1.0,27.0,12.0,2.0,2.0,9.0,5.0,371.0
2020-08-29,0.0,104.0,12.0,1.0,16.0,6.0,4.0,6.0,125.0,0.0,0.0,20.0,9.0,0.0,1.0,8.0,6.0,323.0
2020-08-30,2.0,80.0,7.0,3.0,2.0,30.0,6.0,6.0,116.0,1.0,3.0,13.0,8.0,0.0,2.0,8.0,5.0,299.0
2020-08-31,3.0,79.0,1.0,2.0,9.0,4.0,7.0,4.0,94.0,1.0,5.0,14.0,5.0,1.0,6.0,9.0,1.0,248.0
2020-09-01,4.0,63.0,3.0,9.0,4.0,2.0,8.0,3.0,94.0,0.0,6.0,22.0,4.0,0.0,1.0,7.0,1.0,235.0
2020-09-02,2.0,84.0,1.0,4.0,10.0,13.0,14.0,7.0,101.0,0.0,5.0,11.0,3.0,0.0,1.0,7.0,1.0,267.0
2020-09-03,4.0,64.0,0.0,0.0,6.0,3.0,4.0,4.0,69.0,0.0,8.0,16.0,6.0,0.0,0.0,7.0,1.0,195.0
2020-09-04,3.0,56.0,3.0,4.0,11.0,7.0,4.0,4.0,70.0,0.0,3.0,3.0,1.0,0.0,0.0,21.0,4.0,198.0
2020-09-05,3.0,51.0,8.0,1.0,8.0,5.0,2.0,10.0,50.0,0.0,1.0,14.0,0.0,2.0,1.0,4.0,4.0,168.0
2020-09-06,5.0,47.0,6.0,2.0,7.0,5.0,5.0,2.0,63.0,0.0,1.0,12.0,3.0,1.0,0.0,2.0,2.0,167.0
2020-09-07,0.0,31.0,3.0,0.0,9.0,2.0,5.0,9.0,48.0,0.0,3.0,1.0,0.0,1.0,0.0,3.0,0.0,119.0
2020-09-08,0.0,31.0,0.0,3.0,13.0,2.0,4.0,1.0,67.0,1.0,3.0,2.0,1.0,3.0,0.0,0.0,1.0,136.0
2020-09-09,0.0,55.0,1.0,0.0,17.0,2.0,8.0,2.0,49.0,2.0,4.0,1.0,1.0,1.0,0.0,8.0,1.0,156.0
2020-09-10,2.0,50.0,1.0,3.0,5.0,1.0,11.0,1.0,48.0,0.0,4.0,5.0,2.0,1.0,2.0,12.0,3.0,155.0
2020-09-11,0.0,47.0,0.0,2.0,8.0,1.0,11.0,3.0,63.0,0.0,5.0,8.0,2.0,0.0,2.0,14.0,1.0,176.0
2020-09-12,3.0,32.0,3.0,2.0,3.0,4.0,7.0,4.0,50.0,0.0,1.0,8.0,1.0,1.0,1.0,6.0,0.0,136.0
2020-09-13,1.0,32.0,3.0,2.0,3.0,14.0,2.0,3.0,31.0,0.0,7.0,3.0,0.0,2.0,0.0,11.0,0.0,121.0
2020-09-14,0.0,30.0,1.0,1.0,3.0,4.0,1.0,3.0,41.0,0.0,1.0,10.0,0.0,1.0,0.0,8.0,0.0,109.0
2020-09-15,1.0,39.0,2.0,1.0,1.0,0.0,3.0,4.0,32.0,0.0,0.0,9.0,0.0,1.0,3.0,3.0,2.0,106.0
2020-09-16,0.0,26.0,3.0,2.0,2.0,4.0,1.0,4.0,51.0,0.0,0.0,9.0,0.0,5.0,0.0,2.0,2.0,113.0
2020-09-17,0.0,54.0,3.0,6.0,1.0,2.0,2.0,2.0,63.0,0.0,0.0,7.0,1.0,0.0,0.0,10.0,0.0,153.0
2020-09-18,0.0,37.0,4.0,5.0,0.0,2.0,2.0,2.0,47.0,0.0,0.0,6.0,0.0,8.0,2.0,6.0,3.0,126.0
2020-09-19,0.0,41.0,1.0,4.0,0.0,2.0,2.0,2.0,40.0,0.0,0.0,11.0,0.0,1.0,0.0,4.0,1.0,110.0
2020-09-20,0.0,26.0,1.0,5.0,0.0,2.0,2.0,6.0,28.0,0.0,1.0,3.0,0.0,0.0,0.0,1.0,1.0,82.0
2020-09-21,0.0,18.0,2.0,1.0,1.0,1.0,2.0,8.0,23.0,0.0,0.0,2.0,0.0,0.0,0.0,0.0,2.0,70.0
2020-09-22,2.0,20.0,1.0,4.0,0.0,0.0,0.0,5.0,21.0,1.0,1.0,2.0,0.0,0.0,0.0,0.0,2.0,61.0
2020-09-23,1.0,30.0,0.0,6.0,2.0,3.0,0.0,7.0,40.0,0.0,2.0,5.0,0.0,1.0,0.0,5.0,2.0,110.0
2020-09-24,2.0,48.0,1.0,2.0,0.0,1.0,1.0,7.0,39.0,3.0,0.0,10.0,1.0,1.0,1.0,1.0,2.0,125.0
2020-09-25,1.0,27.0,1.0,6.0,2.0,0.0,0.0,3.0,57.0,1.0,0.0,3.0,0.0,3.0,0.0,1.0,3.0,114.0
2020-09-26,0.0,14.0,1.0,3.0,0.0,1.0,1.0,2.0,26.0,0.0,0.0,1.0,0.0,3.0,0.0,0.0,0.0,61.0
2020-09-27,0.0,21.0,1.0,6.0,2.0,0.0,0.0,3.0,34.0,1.0,0.0,9.0,1.0,2.0,0.0,2.0,2.0,95.0
2020-09-28,1.0,14.0,1.0,4.0,0.0,0.0,0.0,1.0,19.0,0.0,1.0,1.0,0.0,0.0,0.0,0.0,1.0,50.0
2020-09-29,0.0,10.0,0.0,2.0,0.0,0.0,0.0,3.0,11.0,0.0,0.0,0.0,0.0,0.0,0.0,2.0,1.0,38.0
2020-09-30,0.0,26.0,0.0,6.0,3.0,2.0,2.0,5.0,51.0,0.0,1.0,4.0,0.0,3.0,0.0,5.0,0.0,113.0
2020-10-01,0.0,21.0,0.0,5.0,0.0,1.0,0.0,6.0,30.0,0.0,0.0,3.0,1.0,0.0,0.0,3.0,1.0,77.0
2020-10-02,0.0,19.0,0.0,4.0,0.0,0.0,0.0,18.0,11.0,0.0,0.0,4.0,0.0,0.0,0.0,1.0,0.0,63.0
2020-10-03,0.0,10.0,0.0,2.0,0.0,0.0,2.0,8.0,26.0,0.0,0.0,7.0,3.0,1.0,0.0,1.0,1.0,75.0
2020-10-04,0.0,16.0,0.0,4.0,1.0,2.0,2.0,5.0,16.0,0.0,1.0,6.0,0.0,0.0,0.0,0.0,2.0,64.0
2020-10-05,0.0,27.0,1.0,1.0,0.0,1.0,1.0,5.0,19.0,1.0,4.0,5.0,0.0,3.0,0.0,2.0,1.0,73.0
2020-10-06,0.0,35.0,0.0,0.0,0.0,0.0,3.0,3.0,15.0,0.0,1.0,4.0,0.0,9.0,0.0,0.0,0.0,75.0
2020-10-07,0.0,53.0,0.0,0.0,0.0,1.0,2.0,2.0,33.0,1.0,1.0,6.0,0.0,8.0,0.0,0.0,0.0,114.0
2020-10-08,0.0,24.0,3.0,1.0,0.0,0.0,7.0,5.0,20.0,0.0,0.0,5.0,0.0,0.0,0.0,0.0,1.0,69.0
2020-10-09,0.0,12.0,1.0,0.0,0.0,1.0,5.0,5.0,22.0,0.0,0.0,0.0,1.0,0.0,0.0,0.0,1.0,54.0
2020-10-10,0.0,24.0,0.0,0.0,0.0,1.0,1.0,3.0,25.0,0.0,0.0,8.0,2.0,0.0,0.0,3.0,0.0,72.0
2020-10-11,2.0,21.0,0.0,0.0,0.0,1.0,2.0,3.0,23.0,0.0,1.0,1.0,0.0,0.0,0.0,1.0,0.0,58.0
2020-10-12,1.0,29.0,1.0,1.0,1.0,0.0,13.0,4.0,31.0,0.0,0.0,3.0,0.0,2.0,0.0,2.0,0.0,0.0
2020-10-13,4.0,38.0,0.0,1.0,2.0,1.0,10.0,1.0,20.0,0.0,0.0,0.0,0.0,1.0,0.0,2.0,1.0,0.0
2020-10-14,0.0,31.0,0.0,0.0,0.0,0.0,4.0,2.0,23.0,0.0,1.0,8.0,0.0,0.0,0.0,1.0,0.0,84.0
2020-10-15,1.0,8.0,0.0,1.0,0.0,0.0,1.0,55.0,25.0,0.0,0.0,11.0,0.0,1.0,0.0,0.0,1.0,99.0
2020-10-16,0.0,17.0,0.0,0.0,0.0,0.0,2.0,0.0,18.0,0.0,0.0,4.0,0.0,2.0,0.0,1.0,0.0,47.0
2020-10-17,3.0,32.0,2.0,0.0,1.0,1.0,0.0,6.0,18.0,0.0,0.0,2.0,1.0,0.0,0.0,2.0,0.0,73.0
2020-10-18,2.0,50.0,0.0,0.0,0.0,0.0,1.0,4.0,20.0,0.0,0.0,1.0,0.0,0.0,0.0,0.0,0.0,91.0
2020-10-19,1.0,18.0,1.0,2.0,2.0,0.0,2.0,15.0,14.0,0.0,0.0,5.0,0.0,1.0,0.0,2.0,1.0,76.0
2020-10-20,3.0,28.0,1.0,2.0,0.0,0.0,1.0,2.0,11.0,0.0,0.0,3.0,0.0,0.0,0.0,2.0,2.0,58.0
2020-10-21,2.0,24.0,0.0,2.0,1.0,0.0,4.0,10.0,17.0,0.0,1.0,6.0,1.0,0.0,0.0,0.0,1.0,89.0
2020-10-22,2.0,67.0,0.0,1.0,0.0,2.0,0.0,5.0,18.0,0.0,0.0,4.0,0.0,2.0,0.0,11.0,0.0,121.0
2020-10-23,1.0,103.0,0.0,0.0,6.0,5.0,0.0,0.0,20.0,0.0,0.0,5.0,1.0,2.0,0.0,4.0,0.0,155.0
2020-10-24,0.0,35.0,0.0,0.0,0.0,0.0,5.0,0.0,22.0,0.0,0.0,2.0,2.0,0.0,0.0,5.0,0.0,77.0
2020-10-25,0.0,27.0,2.0,0.0,0.0,1.0,1.0,1.0,17.0,0.0,1.0,0.0,0.0,0.0,0.0,2.0,0.0,61.0
2020-10-26,0.0,67.0,3.0,3.0,0.0,0.0,1.0,0.0,20.0,1.0,1.0,3.0,0.0,0.0,0.0,1.0,2.0,119.0
2020-10-27,6.0,35.0,5.0,0.0,0.0,0.0,5.0,1.0,24.0,0.0,0.0,2.0,3.0,0.0,0.0,1.0,1.0,88.0
2020-10-28,14.0,31.0,3.0,5.0,0.0,2.0,7.0,0.0,25.0,0.0,0.0,10.0,0.0,3.0,0.0,1.0,0.0,103.0
2020-10-29,7.0,58.0,0.0,1.0,2.0,3.0,0.0,0.0,36.0,0.0,2.0,5.0,0.0,1.0,0.0,1.0,0.0,125.0
2020-10-30,6.0,32.0,1.0,0.0,0.0,10.0,0.0,0.0,48.0,0.0,2.0,3.0,1.0,2.0,0.0,3.0,2.0,114.0
2020-10-31,0.0,27.0,1.0,0.0,0.0,9.0,0.0,2.0,51.0,3.0,0.0,3.0,0.0,0.0,0.0,5.0,0.0,126.0
2020-11-01,3.0,38.0,2.0,0.0,3.0,2.0,0.0,0.0,45.0,0.0,0.0,4.0,3.0,0.0,0.0,9.0,1.0,124.0
2020-11-02,1.0,41.0,1.0,1.0,0.0,3.0,0.0,0.0,25.0,0.0,1.0,2.0,2.0,0.0,0.0,11.0,2.0,97.0
2020-11-03,1.0,27.0,1.0,0.0,2.0,0.0,0.0,1.0,22.0,0.0,0.0,1.0,0.0,0.0,0.0,7.0,1.0,75.0
2020-11-04,0.0,43.0,0.0,2.0,0.0,2.0,1.0,1.0,42.0,0.0,1.0,4.0,0.0,0.0,1.0,10.0,0.0,117.0
2020-11-05,1.0,27.0,5.0,0.0,0.0,2.0,0.0,4.0,50.0,0.0,0.0,5.0,0.0,0.0,0.0,23.0,2.0,126.0
2020-11-06,7.0,47.0,13.0,1.0,0.0,0.0,0.0,0.0,40.0,0.0,0.0,0.0,0.0,1.0,0.0,25.0,0.0,145.0
2020-11-07,4.0,21.0,5.0,0.0,0.0,1.0,1.0,2.0,37.0,0.0,0.0,1.0,0.0,0.0,0.0,9.0,0.0,89.0
2020-11-08,9.0,25.0,10.0,2.0,2.0,7.0,1.0,0.0,54.0,0.0,1.0,3.0,4.0,0.0,0.0,9.0,2.0,143.0
2020-11-09,11.0,22.0,4.0,1.0,1.0,6.0,0.0,2.0,46.0,0.0,0.0,2.0,2.0,4.0,0.0,10.0,4.0,126.0
2020-11-10,3.0,33.0,2.0,1.0,5.0,1.0,0.0,1.0,35.0,0.0,0.0,3.0,2.0,0.0,0.0,4.0,2.0,100.0
2020-11-11,9.0,53.0,11.0,0.0,4.0,0.0,1.0,3.0,45.0,0.0,0.0,1.0,1.0,1.0,0.0,7.0,2.0,146.0
2020-11-12,6.0,35.0,4.0,1.0,6.0,3.0,2.0,2.0,53.0,0.0,1.0,2.0,8.0,0.0,1.0,9.0,1.0,143.0
2020-11-13,23.0,47.0,3.0,0.0,5.0,1.0,0.0,0.0,74.0,1.0,0.0,4.0,9.0,0.0,1.0,8.0,1.0,191.0
2020-11-14,18.0,49.0,4.0,0.0,8.0,0.0,2.0,4.0,69.0,1.0,0.0,1.0,13.0,4.0,0.0,11.0,0.0,205.0
2020-11-15,19.0,45.0,3.0,2.0,9.0,1.0,0.0,0.0,85.0,0.0,0.0,2.0,9.0,2.0,0.0,5.0,8.0,208.0
2020-11-16,20.0,42.0,4.0,14.0,4.0,0.0,3.0,0.0,80.0,1.0,0.0,10.0,10.0,1.0,1.0,6.0,3.0,222.0
2020-11-17,13.0,52.0,3.0,3.0,18.0,3.0,1.0,0.0,90.0,1.0,0.0,13.0,16.0,0.0,0.0,9.0,0.0,230.0
2020-11-18,5.0,87.0,9.0,16.0,9.0,2.0,1.0,5.0,92.0,0.0,3.0,12.0,15.0,0.0,0.0,7.0,0.0,285.0
2020-11-19,20.0,64.0,28.0,8.0,8.0,2.0,1.0,5.0,109.0,0.0,0.0,12.0,28.0,2.0,0.0,13.0,4.0,325.0
2020-11-20,24.0,73.0,18.0,10.0,4.0,1.0,0.0,2.0,132.0,0.0,0.0,30.0,14.0,13.0,2.0,15.0,2.0,348.0
2020-11-21,15.0,93.0,11.0,8.0,7.0,1.0,1.0,7.0,156.0,0.0,1.0,22.0,19.0,14.0,0.0,21.0,1.0,386.0
2020-11-22,13.0,75.0,19.0,6.0,8.0,1.0,0.0,1.0,121.0,0.0,1.0,27.0,13.0,12.0,0.0,13.0,0.0,330.0
2020-11-23,12.0,76.0,2.0,4.0,1.0,2.0,3.0,5.0,112.0,1.0,1.0,23.0,5.0,9.0,1.0,9.0,0.0,271.0
2020-11-24,46.0,81.0,3.0,9.0,3.0,3.0,0.0,6.0,133.0,2.0,2.0,17.0,7.0,15.0,1.0,8.0,3.0,349.0
2020-11-25,13.0,82.0,11.0,3.0,14.0,5.0,4.0,18.0,142.0,0.0,3.0,40.0,8.0,8.0,3.0,18.0,3.0,382.0
2020-11-26,8.0,183.0,45.0,2.0,14.0,1.0,1.0,22.0,213.0,4.0,7.0,19.0,9.0,16.0,3.0,16.0,8.0,581.0
2020-11-27,9.0,117.0,39.0,3.0,13.0,0.0,5.0,24.0,204.0,3.0,7.0,25.0,11.0,24.0,3.0,31.0,20.0,618.0
2020-11-28,33.0,126.0,14.0,5.0,16.0,1.0,13.0,28.0,177.0,0.0,3.0,24.0,7.0,9.0,2.0,17.0,24.0,440.0
2020-11-29,19.0,93.0,15.0,11.0,8.0,3.0,6.0,22.0,158.0,3.0,0.0,21.0,20.0,17.0,1.0,13.0,22.0,450.0
2020-11-30,8.0,77.0,20.0,4.0,13.0,4.0,5.0,52.0,159.0,1.0,3.0,34.0,4.0,16.0,1.0,5.0,22.0,438.0
2020-12-01,9.0,96.0,11.0,11.0,22.0,11.0,10.0,31.0,155.0,2.0,3.0,16.0,2.0,9.0,1.0,16.0,32.0,451.0
2020-12-02,12.0,144.0,7.0,5.0,10.0,4.0,5.0,32.0,193.0,7.0,10.0,23.0,1.0,26.0,2.0,8.0,16.0,511.0
2020-12-03,8.0,141.0,13.0,11.0,3.0,3.0,7.0,15.0,262.0,4.0,2.0,22.0,2.0,9.0,1.0,14.0,10.0,540.0
2020-12-04,3.0,160.0,16.0,9.0,1.0,6.0,21.0,31.0,295.0,0.0,5.0,17.0,3.0,14.0,2.0,23.0,5.0,628.0
2020-12-05,9.0,157.0,27.0,17.0,6.0,7.0,10.0,29.0,235.0,4.0,1.0,19.0,4.0,17.0,1.0,10.0,18.0,577.0
2020-12-06,12.0,184.0,16.0,11.0,5.0,3.0,3.0,34.0,254.0,3.0,3.0,42.0,8.0,12.0,0.0,15.0,14.0,638.0
2020-12-07,9.0,156.0,16.0,9.0,5.0,5.0,2.0,35.0,244.0,0.0,38.0,40.0,3.0,22.0,0.0,10.0,11.0,615.0
2020-12-08,8.0,157.0,13.0,5.0,11.0,4.0,11.0,27.0,212.0,1.0,61.0,27.0,7.0,13.0,2.0,15.0,10.0,582.0
2020-12-09,5.0,217.0,29.0,4.0,9.0,2.0,10.0,19.0,263.0,1.0,14.0,48.0,2.0,12.0,0.0,4.0,22.0,672.0
2020-12-10,15.0,215.0,16.0,8.0,5.0,3.0,9.0,31.0,251.0,1.0,17.0,38.0,5.0,8.0,13.0,20.0,12.0,683.0
2020-12-11,11.0,230.0,12.0,3.0,3.0,6.0,10.0,26.0,251.0,0.0,46.0,36.0,4.0,7.0,5.0,10.0,21.0,688.0
2020-12-12,36.0,272.0,17.0,19.0,9.0,35.0,18.0,59.0,362.0,1.0,23.0,42.0,8.0,6.0,0.0,10.0,21.0,950.0
2020-12-13,18.0,331.0,24.0,18.0,15.0,28.0,13.0,57.0,399.0,0.0,8.0,62.0,6.0,9.0,3.0,10.0,15.0,1030.0
2020-12-14,14.0,226.0,28.0,16.0,22.0,16.0,2.0,21.0,219.0,3.0,5.0,36.0,1.0,8.0,8.0,55.0,21.0,718.0
2020-12-15,13.0,288.0,16.0,15.0,5.0,19.0,32.0,41.0,251.0,1.0,49.0,55.0,1.0,15.0,9.0,37.0,25.0,880.0
2020-12-16,8.0,329.0,19.0,28.0,2.0,27.0,15.0,41.0,378.0,0.0,6.0,67.0,4.0,75.0,15.0,35.0,23.0,1078.0
2020-12-17,9.0,291.0,30.0,9.0,10.0,21.0,11.0,44.0,423.0,0.0,10.0,77.0,0.0,19.0,12.0,19.0,19.0,1011.0
2020-12-18,18.0,304.0,44.0,31.0,4.0,20.0,5.0,39.0,398.0,0.0,31.0,64.0,5.0,16.0,27.0,18.0,31.0,1064.0
2020-12-19,27.0,275.0,32.0,29.0,9.0,20.0,5.0,39.0,381.0,0.0,9.0,46.0,5.0,15.0,24.0,24.0,103.0,1050.0
2020-12-20,55.0,252.0,51.0,25.0,14.0,25.0,3.0,33.0,474.0,1.0,6.0,62.0,4.0,29.0,24.0,20.0,14.0,1098.0
2020-12-21,25.0,244.0,15.0,48.0,13.0,21.0,3.0,20.0,328.0,0.0,17.0,88.0,9.0,13.0,23.0,16.0,33.0,925.0
2020-12-22,23.0,204.0,18.0,59.0,26.0,39.0,9.0,26.0,317.0,1.0,6.0,45.0,5.0,4.0,19.0,17.0,31.0,868.0
2020-12-23,13.0,309.0,29.0,25.0,36.0,24.0,35.0,32.0,375.0,1.0,18.0,49.0,12.0,21.0,33.0,11.0,58.0,1090.0
2020-12-24,21.0,285.0,21.0,50.0,15.0,26.0,11.0,44.0,319.0,2.0,9.0,53.0,2.0,12.0,26.0,31.0,47.0,985.0
2020-12-25,14.0,259.0,15.0,67.0,36.0,23.0,13.0,22.0,552.0,1.0,12.0,55.0,5.0,14.0,20.0,80.0,42.0,1237.0
2020-12-26,36.0,256.0,22.0,34.0,28.0,13.0,11.0,27.0,466.0,1.0,8.0,55.0,6.0,37.0,24.0,61.0,38.0,1132.0
2020-12-27,23.0,241.0,44.0,34.0,17.0,21.0,8.0,40.0,362.0,6.0,1.0,61.0,5.0,8.0,7.0,58.0,24.0,970.0
2020-12-28,27.0,193.0,25.0,46.0,12.0,24.0,3.0,34.0,300.0,2.0,2.0,46.0,7.0,1.0,11.0,35.0,31.0,807.0
2020-12-29,21.0,256.0,16.0,28.0,15.0,29.0,30.0,17.0,522.0,4.0,4.0,32.0,4.0,8.0,5.0,27.0,22.0,1045.0
2020-12-30,17.0,277.0,36.0,23.0,9.0,51.0,19.0,39.0,386.0,2.0,16.0,48.0,1.0,32.0,10.0,27.0,45.0,1049.0
2020-12-31,36.0,225.0,22.0,23.0,8.0,33.0,7.0,74.0,366.0,0.0,35.0,59.0,5.0,12.0,9.0,18.0,22.0,967.0
2021-01-01,30.0,284.0,35.0,24.0,17.0,43.0,11.0,57.0,358.0,1.0,43.0,65.0,6.0,8.0,5.0,15.0,22.0,1014.0
2021-01-02,31.0,227.0,37.0,20.0,13.0,29.0,4.0,26.0,251.0,3.0,17.0,71.0,11.0,11.0,13.0,7.0,36.0,839.0
2021-01-03,33.0,204.0,12.0,14.0,26.0,22.0,8.0,19.0,196.0,1.0,7.0,48.0,12.0,5.0,4.0,9.0,27.0,651.0
2021-01-04,28.0,268.0,33.0,25.0,74.0,29.0,6.0,37.0,329.0,0.0,5.0,103.0,3.0,13.0,10.0,23.0,23.0,1020.0
2021-01-05,27.0,229.0,21.0,24.0,23.0,32.0,8.0,15.0,200.0,0.0,4.0,49.0,4.0,5.0,8.0,18.0,32.0,715.0
2021-01-06,16.0,284.0,29.0,28.0,30.0,22.0,9.0,38.0,264.0,1.0,2.0,38.0,1.0,22.0,5.0,24.0,21.0,839.0
2021-01-07,30.0,303.0,20.0,36.0,28.0,9.0,9.0,23.0,297.0,3.0,9.0,41.0,1.0,2.0,9.0,20.0,14.0,868.0
2021-01-08,11.0,258.0,22.0,30.0,21.0,18.0,8.0,24.0,189.0,0.0,10.0,30.0,0.0,8.0,6.0,21.0,10.0,672.0
2021-01-09,6.0,211.0,26.0,21.0,6.0,13.0,5.0,17.0,188.0,0.0,8.0,49.0,5.0,14.0,5.0,27.0,30.0,641.0
2021-01-10,20.0,193.0,19.0,19.0,21.0,34.0,4.0,34.0,187.0,0.0,34.0,33.0,4.0,6.0,4.0,30.0,9.0,665.0
2021-01-11,11.0,146.0,13.0,4.0,24.0,11.0,1.0,19.0,141.0,0.0,14.0,22.0,3.0,7.0,2.0,11.0,10.0,450.0
2021-01-12,7.0,175.0,55.0,8.0,7.0,18.0,7.0,21.0,167.0,1.0,7.0,21.0,2.0,12.0,2.0,3.0,16.0,537.0
2021-01-13,21.0,201.0,42.0,24.0,4.0,13.0,9.0,35.0,151.0,0.0,11.0,22.0,0.0,8.0,1.0,5.0,11.0,561.0
2021-01-14,11.0,171.0,16.0,17.0,31.0,4.0,3.0,40.0,134.0,2.0,10.0,25.0,6.0,3.0,2.0,12.0,18.0,516.0
2021-01-15,13.0,186.0,22.0,23.0,6.0,11.0,3.0,47.0,127.0,4.0,6.0,24.0,14.0,6.0,1.0,6.0,9.0,513.0
2021-01-16,23.0,168.0,20.0,20.0,6.0,23.0,5.0,61.0,156.0,1.0,8.0,33.0,12.0,17.0,4.0,8.0,6.0,579.0
2021-01-17,4.0,175.0,18.0,15.0,15.0,15.0,3.0,34.0,145.0,1.0,18.0,35.0,15.0,5.0,0.0,7.0,7.0,520.0
2021-01-18,16.0,105.0,22.0,18.0,11.0,13.0,2.0,10.0,132.0,2.0,6.0,13.0,4.0,3.0,2.0,11.0,9.0,389.0
2021-01-19,17.0,139.0,11.0,9.0,8.0,16.0,7.0,17.0,101.0,3.0,8.0,19.0,6.0,3.0,1.0,8.0,5.0,386.0
2021-01-20,11.0,139.0,19.0,7.0,11.0,12.0,1.0,13.0,142.0,0.0,3.0,16.0,9.0,2.0,6.0,8.0,3.0,403.0
2021-01-21,8.0,138.0,16.0,8.0,6.0,7.0,0.0,19.0,125.0,1.0,3.0,23.0,14.0,5.0,5.0,10.0,7.0,400.0
2021-01-22,9.0,116.0,21.0,15.0,2.0,6.0,1.0,23.0,113.0,0.0,3.0,9.0,7.0,0.0,2.0,7.0,1.0,344.0
2021-01-23,6.0,117.0,32.0,18.0,7.0,22.0,1.0,33.0,127.0,1.0,2.0,12.0,10.0,7.0,3.0,17.0,4.0,430.0
2021-01-24,11.0,99.0,17.0,8.0,17.0,12.0,0.0,20.0,133.0,11.0,2.0,25.0,1.0,4.0,2.0,9.0,12.0,392.0
2021-01-25,4.0,76.0,11.0,15.0,16.0,15.0,125.0,20.0,102.0,2.0,2.0,14.0,3.0,0.0,0.0,13.0,8.0,437.0
2021-01-26,43.0,78.0,12.0,8.0,12.0,13.0,4.0,27.0,104.0,2.0,0.0,18.0,9.0,1.0,0.0,6.0,7.0,350.0
2021-01-27,18.0,149.0,21.0,11.0,112.0,6.0,1.0,32.0,129.0,4.0,6.0,20.0,12.0,13.0,0.0,4.0,8.0,558.0
2021-01-28,6.0,118.0,19.0,43.0,44.0,11.0,4.0,54.0,105.0,1.0,6.0,41.0,8.0,1.0,0.0,4.0,25.0,497.0
2021-01-29,8.0,136.0,15.0,43.0,54.0,10.0,1.0,34.0,111.0,0.0,2.0,19.0,5.0,6.0,1.0,6.0,9.0,469.0
2021-01-30,3.0,146.0,12.0,22.0,33.0,8.0,2.0,20.0,153.0,0.0,2.0,15.0,1.0,3.0,2.0,9.0,11.0,453.0
2021-01-31,6.0,113.0,18.0,16.0,17.0,10.0,0.0,20.0,99.0,2.0,6.0,21.0,1.0,2.0,1.0,5.0,1.0,355.0
2021-02-01,8.0,92.0,4.0,5.0,32.0,9.0,1.0,15.0,106.0,0.0,1.0,11.0,1.0,3.0,0.0,4.0,6.0,304.0
2021-02-02,7.0,82.0,11.0,10.0,24.0,12.0,0.0,12.0,128.0,0.0,1.0,8.0,3.0,2.0,1.0,5.0,18.0,336.0
2021-02-03,6.0,111.0,8.0,12.0,6.0,9.0,7.0,19.0,188.0,1.0,0.0,21.0,6.0,10.0,1.0,36.0,9.0,467.0
2021-02-04,8.0,134.0,8.0,6.0,12.0,8.0,2.0,26.0,172.0,0.0,2.0,44.0,2.0,1.0,3.0,13.0,4.0,451.0
2021-02-05,5.0,114.0,6.0,7.0,14.0,14.0,0.0,33.0,126.0,0.0,0.0,26.0,0.0,0.0,2.0,13.0,3.0,370.0
2021-02-06,1.0,114.0,12.0,7.0,12.0,18.0,8.0,14.0,143.0,0.0,2.0,25.0,1.0,4.0,6.0,13.0,2.0,393.0
2021-02-07,6.0,112.0,4.0,1.0,10.0,12.0,6.0,9.0,144.0,1.0,1.0,17.0,4.0,0.0,2.0,14.0,1.0,371.0
2021-02-08,4.0,83.0,4.0,6.0,7.0,21.0,4.0,9.0,112.0,1.0,1.0,18.0,0.0,0.0,0.0,10.0,0.0,288.0
2021-02-09,3.0,126.0,7.0,5.0,8.0,9.0,2.0,9.0,90.0,1.0,3.0,16.0,0.0,3.0,2.0,5.0,3.0,303.0
2021-02-10,5.0,169.0,9.0,2.0,14.0,16.0,0.0,19.0,175.0,1.0,0.0,20.0,2.0,2.0,0.0,2.0,2.0,444.0
2021-02-11,11.0,188.0,5.0,1.0,13.0,13.0,3.0,29.0,183.0,0.0,2.0,25.0,0.0,7.0,4.0,1.0,4.0,504.0
2021-02-12,6.0,105.0,4.0,4.0,6.0,12.0,1.0,27.0,158.0,2.0,0.0,43.0,4.0,2.0,4.0,13.0,6.0,403.0
2021-02-13,2.0,99.0,4.0,5.0,3.0,14.0,5.0,27.0,136.0,5.0,2.0,30.0,0.0,5.0,0.0,15.0,5.0,362.0
2021-02-14,5.0,80.0,6.0,5.0,2.0,3.0,2.0,15.0,152.0,2.0,3.0,19.0,2.0,6.0,0.0,12.0,5.0,326.0
2021-02-15,1.0,102.0,3.0,8.0,3.0,13.0,8.0,15.0,150.0,0.0,4.0,12.0,5.0,4.0,0.0,9.0,0.0,343.0
2021-02-16,5.0,134.0,8.0,3.0,2.0,12.0,4.0,19.0,161.0,0.0,7.0,21.0,2.0,5.0,1.0,58.0,7.0,457.0
2021-02-17,3.0,154.0,8.0,15.0,3.0,14.0,7.0,19.0,258.0,2.0,9.0,21.0,15.0,6.0,0.0,75.0,6.0,621.0
2021-02-18,4.0,241.0,7.0,23.0,16.0,9.0,12.0,28.0,185.0,1.0,6.0,17.0,4.0,6.0,5.0,28.0,17.0,621.0
2021-02-19,7.0,189.0,9.0,22.0,4.0,11.0,4.0,16.0,180.0,1.0,12.0,38.0,10.0,3.0,3.0,24.0,18.0,561.0
2021-02-20,5.0,170.0,8.0,19.0,5.0,9.0,2.0,14.0,123.0,0.0,1.0,37.0,10.0,8.0,2.0,12.0,16.0,448.0
2021-02-21,6.0,171.0,7.0,7.0,6.0,8.0,0.0,12.0,130.0,1.0,4.0,21.0,8.0,8.0,3.0,10.0,6.0,416.0
2021-02-22,20.0,121.0,6.0,11.0,5.0,4.0,3.0,12.0,106.0,0.0,1.0,19.0,3.0,4.0,0.0,6.0,7.0,332.0
2021-02-23,14.0,127.0,5.0,8.0,7.0,10.0,1.0,12.0,125.0,1.0,2.0,14.0,6.0,7.0,0.0,8.0,4.0,356.0
2021-02-24,9.0,143.0,8.0,18.0,35.0,19.0,2.0,13.0,144.0,2.0,1.0,18.0,1.0,8.0,2.0,12.0,1.0,440.0
2021-02-25,2.0,138.0,2.0,9.0,15.0,14.0,0.0,18.0,122.0,0.0,2.0,22.0,11.0,5.0,5.0,16.0,4.0,395.0
2021-02-26,6.0,141.0,6.0,6.0,11.0,11.0,6.0,11.0,131.0,1.0,1.0,15.0,5.0,16.0,0.0,3.0,10.0,388.0
2021-02-27,6.0,169.0,1.0,7.0,12.0,5.0,2.0,9.0,131.0,1.0,3.0,27.0,5.0,20.0,1.0,4.0,8.0,414.0
2021-02-28,4.0,141.0,2.0,4.0,14.0,6.0,1.0,5.0,120.0,6.0,5.0,13.0,0.0,7.0,1.0,7.0,10.0,357.0
2021-03-01,5.0,161.0,5.0,13.0,8.0,10.0,0.0,16.0,92.0,1.0,2.0,14.0,2.0,10.0,0.0,4.0,8.0,354.0
2021-03-02,2.0,115.0,5.0,7.0,4.0,14.0,1.0,17.0,123.0,5.0,0.0,11.0,7.0,9.0,5.0,4.0,6.0,344.0
2021-03-03,6.0,227.0,5.0,6.0,3.0,6.0,2.0,8.0,118.0,4.0,1.0,20.0,3.0,5.0,4.0,4.0,19.0,443.0
2021-03-04,6.0,186.0,10.0,7.0,6.0,20.0,3.0,18.0,118.0,0.0,0.0,18.0,1.0,6.0,3.0,4.0,12.0,424.0
2021-03-05,4.0,173.0,3.0,6.0,6.0,3.0,0.0,20.0,129.0,1.0,3.0,13.0,0.0,3.0,2.0,9.0,19.0,398.0
2021-03-06,7.0,173.0,5.0,13.0,3.0,4.0,0.0,12.0,128.0,2.0,4.0,20.0,3.0,4.0,5.0,7.0,22.0,418.0
2021-03-07,10.0,172.0,3.0,13.0,4.0,8.0,1.0,6.0,132.0,2.0,2.0,28.0,6.0,5.0,4.0,6.0,9.0,416.0
2021-03-08,10.0,128.0,1.0,3.0,15.0,6.0,0.0,12.0,100.0,1.0,3.0,15.0,6.0,4.0,3.0,14.0,20.0,346.0
2021-03-09,13.0,188.0,1.0,2.0,33.0,3.0,1.0,19.0,102.0,0.0,11.0,20.0,3.0,8.0,2.0,15.0,21.0,446.0
2021-03-10,20.0,203.0,7.0,4.0,1.0,1.0,3.0,7.0,138.0,0.0,21.0,23.0,3.0,5.0,2.0,6.0,21.0,470.0
2021-03-11,30.0,184.0,8.0,11.0,1.0,4.0,1.0,14.0,138.0,0.0,23.0,18.0,3.0,8.0,2.0,4.0,6.0,465.0
2021-03-12,12.0,166.0,56.0,9.0,2.0,4.0,0.0,15.0,140.0,2.0,5.0,31.0,4.0,4.0,2.0,3.0,27.0,488.0
2021-03-13,18.0,164.0,62.0,14.0,3.0,9.0,1.0,17.0,140.0,0.0,1.0,26.0,1.0,2.0,1.0,9.0,16.0,490.0
2021-03-14,16.0,203.0,53.0,9.0,1.0,6.0,0.0,13.0,112.0,0.0,1.0,20.0,2.0,7.0,1.0,2.0,7.0,459.0
2021-03-15,10.0,161.0,31.0,3.0,1.0,5.0,2.0,4.0,106.0,2.0,2.0,18.0,1.0,5.0,3.0,6.0,9.0,376.0
2021-03-16,13.0,148.0,65.0,4.0,2.0,3.0,1.0,7.0,79.0,0.0,3.0,14.0,1.0,7.0,2.0,4.0,3.0,363.0
2021-03-17,10.0,186.0,45.0,4.0,1.0,14.0,1.0,11.0,120.0,3.0,4.0,21.0,0.0,21.0,1.0,6.0,12.0,469.0
2021-03-18,23.0,159.0,35.0,5.0,1.0,14.0,2.0,7.0,124.0,1.0,5.0,21.0,0.0,15.0,2.0,14.0,8.0,445.0
2021-03-19,31.0,157.0,42.0,4.0,2.0,5.0,7.0,7.0,146.0,0.0,3.0,24.0,0.0,15.0,0.0,5.0,8.0,463.0
2021-03-20,17.0,189.0,31.0,11.0,1.0,16.0,8.0,9.0,115.0,0.0,3.0,12.0,0.0,16.0,1.0,6.0,8.0,453.0
2021-03-21,14.0,157.0,54.0,5.0,2.0,14.0,1.0,19.0,125.0,0.0,7.0,22.0,0.0,11.0,1.0,5.0,10.0,450.0
2021-03-22,21.0,151.0,37.0,11.0,2.0,14.0,0.0,26.0,109.0,0.0,1.0,10.0,2.0,7.0,1.0,11.0,5.0,415.0
2021-03-23,9.0,124.0,29.0,20.0,1.0,3.0,4.0,8.0,100.0,0.0,8.0,13.0,1.0,7.0,0.0,8.0,6.0,349.0
2021-03-24,18.0,154.0,27.0,12.0,2.0,17.0,2.0,17.0,134.0,0.0,2.0,21.0,0.0,5.0,0.0,0.0,6.0,425.0
2021-03-25,27.0,147.0,30.0,10.0,5.0,17.0,3.0,20.0,127.0,0.0,0.0,12.0,1.0,5.0,0.0,4.0,17.0,430.0
2021-03-26,24.0,196.0,37.0,13.0,3.0,14.0,14.0,11.0,121.0,0.0,0.0,29.0,2.0,3.0,3.0,3.0,13.0,489.0
2021-03-27,36.0,145.0,19.0,11.0,5.0,23.0,10.0,33.0,127.0,1.0,5.0,39.0,0.0,5.0,2.0,2.0,39.0,505.0
2021-03-28,19.0,153.0,13.0,7.0,2.0,10.0,8.0,56.0,138.0,0.0,4.0,33.0,1.0,5.0,0.0,8.0,16.0,482.0
2021-03-29,6.0,131.0,20.0,3.0,2.0,10.0,2.0,53.0,107.0,0.0,3.0,18.0,1.0,8.0,1.0,1.0,12.0,382.0
2021-03-30,13.0,117.0,16.0,5.0,1.0,12.0,11.0,43.0,145.0,2.0,3.0,18.0,0.0,25.0,0.0,5.0,28.0,447.0
2021-03-31,16.0,111.0,22.0,6.0,2.0,15.0,7.0,58.0,158.0,17.0,11.0,25.0,0.0,20.0,2.0,8.0,21.0,506.0
2021-04-01,20.0,130.0,21.0,7.0,3.0,7.0,10.0,54.0,199.0,13.0,5.0,20.0,1.0,22.0,2.0,15.0,20.0,551.0
2021-04-02,10.0,160.0,18.0,30.0,1.0,17.0,19.0,38.0,166.0,8.0,7.0,23.0,1.0,15.0,4.0,10.0,19.0,557.0
2021-04-03,17.0,147.0,28.0,17.0,3.0,10.0,19.0,61.0,155.0,10.0,3.0,21.0,1.0,20.0,1.0,10.0,11.0,543.0
2021-04-04,6.0,150.0,14.0,16.0,4.0,15.0,29.0,61.0,149.0,3.0,11.0,22.0,1.0,24.0,2.0,12.0,14.0,543.0
2021-04-05,14.0,111.0,12.0,20.0,0.0,22.0,13.0,48.0,152.0,4.0,1.0,22.0,5.0,16.0,2.0,14.0,7.0,473.0
2021-04-06,15.0,107.0,7.0,25.0,6.0,16.0,22.0,34.0,147.0,0.0,4.0,27.0,15.0,29.0,0.0,6.0,12.0,477.0
2021-04-07,16.0,175.0,25.0,9.0,2.0,16.0,61.0,38.0,198.0,1.0,26.0,48.0,7.0,10.0,3.0,12.0,17.0,668.0
2021-04-08,7.0,230.0,11.0,11.0,0.0,10.0,25.0,52.0,244.0,7.0,13.0,25.0,1.0,24.0,5.0,20.0,8.0,700.0
2021-04-09,3.0,203.0,15.0,7.0,5.0,18.0,26.0,53.0,215.0,5.0,9.0,45.0,11.0,22.0,2.0,18.0,7.0,671.0
2021-04-10,6.0,202.0,46.0,26.0,1.0,5.0,13.0,56.0,201.0,4.0,25.0,24.0,7.0,23.0,7.0,15.0,12.0,677.0
2021-04-11,5.0,186.0,16.0,13.0,0.0,6.0,7.0,45.0,214.0,1.0,11.0,17.0,6.0,40.0,7.0,22.0,10.0,614.0
2021-04-12,6.0,176.0,17.0,15.0,4.0,16.0,17.0,47.0,162.0,5.0,34.0,12.0,3.0,24.0,3.0,18.0,20.0,587.0
2021-04-13,13.0,168.0,15.0,10.0,9.0,9.0,13.0,39.0,158.0,2.0,32.0,16.0,6.0,25.0,0.0,14.0,8.0,542.0
2021-04-14,6.0,238.0,27.0,14.0,5.0,11.0,11.0,49.0,247.0,2.0,30.0,26.0,1.0,11.0,2.0,10.0,29.0,731.0
2021-04-15,18.0,224.0,24.0,19.0,4.0,18.0,10.0,54.0,217.0,3.0,21.0,17.0,11.0,16.0,3.0,4.0,20.0,695.0
2021-04-16,7.0,218.0,44.0,24.0,11.0,4.0,6.0,44.0,216.0,3.0,24.0,12.0,6.0,15.0,3.0,13.0,9.0,673.0
2021-04-17,12.0,209.0,38.0,29.0,4.0,12.0,4.0,35.0,217.0,0.0,26.0,23.0,6.0,16.0,1.0,7.0,12.0,658.0
2021-04-18,19.0,184.0,67.0,28.0,13.0,13.0,5.0,30.0,205.0,2.0,21.0,19.0,2.0,21.0,1.0,22.0,10.0,671.0
2021-04-19,21.0,146.0,35.0,19.0,11.0,24.0,21.0,26.0,136.0,1.0,28.0,11.0,3.0,16.0,2.0,13.0,10.0,531.0
2021-04-20,18.0,189.0,29.0,21.0,4.0,15.0,8.0,29.0,148.0,1.0,21.0,18.0,4.0,3.0,1.0,16.0,14.0,549.0
2021-04-21,15.0,234.0,41.0,16.0,17.0,25.0,17.0,33.0,218.0,1.0,39.0,15.0,4.0,8.0,7.0,8.0,20.0,731.0
2021-04-22,24.0,222.0,58.0,23.0,9.0,24.0,13.0,37.0,230.0,1.0,32.0,14.0,8.0,6.0,4.0,6.0,19.0,735.0
2021-04-23,15.0,298.0,63.0,22.0,16.0,12.0,2.0,33.0,204.0,3.0,38.0,10.0,6.0,9.0,3.0,10.0,30.0,797.0
2021-04-24,9.0,244.0,52.0,32.0,15.0,4.0,10.0,44.0,253.0,1.0,50.0,18.0,1.0,9.0,3.0,14.0,15.0,785.0
2021-04-25,10.0,191.0,45.0,24.0,8.0,14.0,6.0,43.0,175.0,0.0,43.0,15.0,9.0,7.0,3.0,6.0,15.0,644.0
2021-04-26,12.0,150.0,29.0,25.0,15.0,7.0,4.0,25.0,154.0,1.0,13.0,14.0,0.0,6.0,1.0,7.0,16.0,499.0
2021-04-27,2.0,195.0,28.0,22.0,6.0,12.0,8.0,30.0,116.0,2.0,18.0,14.0,2.0,5.0,5.0,14.0,10.0,512.0
2021-04-28,11.0,194.0,55.0,25.0,12.0,29.0,10.0,33.0,257.0,2.0,33.0,20.0,5.0,13.0,3.0,38.0,22.0,769.0
2021-04-29,13.0,182.0,38.0,28.0,8.0,19.0,4.0,40.0,227.0,0.0,46.0,25.0,2.0,9.0,1.0,16.0,10.0,679.0
2021-04-30,4.0,151.0,37.0,29.0,4.0,14.0,31.0,32.0,227.0,1.0,61.0,14.0,5.0,21.0,1.0,12.0,12.0,661.0
2021-05-01,4.0,190.0,43.0,12.0,4.0,12.0,13.0,29.0,195.0,4.0,52.0,13.0,2.0,10.0,7.0,17.0,5.0,627.0
2021-05-02,4.0,145.0,61.0,30.0,15.0,10.0,9.0,33.0,182.0,1.0,52.0,17.0,1.0,12.0,1.0,16.0,11.0,606.0
2021-05-03,10.0,130.0,44.0,32.0,5.0,12.0,5.0,16.0,127.0,4.0,21.0,15.0,24.0,12.0,1.0,10.0,9.0,488.0
2021-05-04,22.0,124.0,36.0,22.0,4.0,10.0,13.0,16.0,184.0,6.0,29.0,13.0,9.0,12.0,8.0,19.0,7.0,541.0
2021-05-05,48.0,168.0,27.0,38.0,8.0,6.0,18.0,23.0,238.0,0.0,22.0,16.0,12.0,6.0,13.0,10.0,11.0,676.0
2021-05-06,12.0,142.0,17.0,22.0,8.0,7.0,18.0,28.0,212.0,1.0,38.0,19.0,10.0,5.0,6.0,15.0,6.0,574.0
2021-05-07,8.0,139.0,32.0,12.0,21.0,9.0,7.0,21.0,179.0,0.0,35.0,14.0,12.0,6.0,12.0,9.0,5.0,525.0
2021-05-08,27.0,194.0,37.0,21.0,5.0,13.0,9.0,27.0,242.0,5.0,48.0,22.0,12.0,5.0,5.0,3.0,9.0,701.0
2021-05-09,7.0,149.0,30.0,19.0,6.0,6.0,2.0,10.0,195.0,1.0,28.0,11.0,24.0,8.0,18.0,10.0,9.0,564.0
2021-05-10,5.0,137.0,16.0,19.0,9.0,4.0,4.0,20.0,141.0,7.0,24.0,13.0,9.0,9.0,14.0,15.0,4.0,463.0
2021-05-11,12.0,137.0,10.0,15.0,24.0,8.0,7.0,14.0,163.0,0.0,19.0,21.0,10.0,12.0,24.0,18.0,4.0,510.0
2021-05-12,17.0,188.0,16.0,7.0,22.0,6.0,8.0,10.0,223.0,1.0,31.0,20.0,17.0,22.0,13.0,10.0,12.0,636.0
2021-05-13,17.0,226.0,32.0,23.0,23.0,5.0,18.0,20.0,227.0,2.0,31.0,17.0,12.0,10.0,9.0,19.0,10.0,715.0
2021-05-14,25.0,173.0,32.0,35.0,11.0,9.0,31.0,24.0,231.0,7.0,26.0,34.0,50.0,14.0,10.0,22.0,4.0,747.0
2021-05-15,12.0,170.0,40.0,19.0,11.0,5.0,10.0,42.0,254.0,3.0,22.0,16.0,26.0,11.0,14.0,12.0,5.0,681.0
2021-05-16,5.0,161.0,45.0,11.0,14.0,6.0,4.0,31.0,213.0,0.0,11.0,15.0,13.0,14.0,9.0,18.0,20.0,610.0
2021-05-17,35.0,150.0,30.0,27.0,27.0,19.0,2.0,12.0,195.0,0.0,16.0,14.0,20.0,9.0,15.0,16.0,23.0,619.0
2021-05-18,25.0,137.0,16.0,23.0,11.0,23.0,12.0,13.0,172.0,4.0,6.0,16.0,12.0,7.0,11.0,15.0,13.0,528.0
2021-05-19,16.0,163.0,16.0,24.0,4.0,23.0,10.0,27.0,249.0,3.0,27.0,23.0,10.0,9.0,4.0,17.0,21.0,653.0
2021-05-20,8.0,187.0,12.0,33.0,15.0,9.0,8.0,17.0,242.0,9.0,25.0,13.0,7.0,7.0,6.0,19.0,13.0,646.0
2021-05-21,7.0,164.0,18.0,11.0,13.0,19.0,15.0,15.0,172.0,1.0,13.0,12.0,17.0,16.0,5.0,41.0,12.0,561.0
2021-05-22,29.0,165.0,21.0,16.0,15.0,56.0,5.0,28.0,208.0,0.0,29.0,15.0,16.0,12.0,7.0,17.0,6.0,666.0
2021-05-23,19.0,151.0,17.0,12.0,9.0,57.0,12.0,15.0,181.0,1.0,24.0,12.0,10.0,14.0,8.0,24.0,9.0,585.0
2021-05-24,20.0,122.0,17.0,12.0,16.0,48.0,11.0,15.0,139.0,14.0,12.0,18.0,14.0,4.0,19.0,31.0,7.0,530.0
2021-05-25,21.0,136.0,14.0,12.0,21.0,29.0,15.0,16.0,138.0,14.0,7.0,11.0,7.0,5.0,17.0,22.0,9.0,516.0
2021-05-26,25.0,189.0,20.0,9.0,21.0,30.0,17.0,22.0,262.0,9.0,15.0,19.0,11.0,6.0,6.0,19.0,13.0,706.0
2021-05-27,7.0,170.0,18.0,12.0,15.0,27.0,23.0,18.0,218.0,8.0,6.0,30.0,16.0,6.0,26.0,17.0,9.0,629.0
2021-05-28,16.0,149.0,21.0,14.0,8.0,24.0,18.0,13.0,214.0,8.0,12.0,26.0,7.0,4.0,7.0,21.0,14.0,587.0
2021-05-29,10.0,139.0,20.0,13.0,9.0,22.0,11.0,14.0,194.0,1.0,8.0,18.0,5.0,6.0,13.0,12.0,22.0,533.0
2021-05-30,17.0,160.0,10.0,9.0,9.0,20.0,7.0,13.0,160.0,6.0,7.0,18.0,9.0,7.0,8.0,7.0,6.0,480.0
2021-05-31,11.0,130.0,16.0,18.0,13.0,31.0,6.0,17.0,130.0,3.0,3.0,12.0,6.0,9.0,7.0,4.0,7.0,430.0
2021-06-01,13.0,116.0,8.0,9.0,5.0,42.0,19.0,28.0,147.0,3.0,2.0,17.0,5.0,6.0,12.0,12.0,11.0,459.0
2021-06-02,14.0,192.0,21.0,12.0,5.0,39.0,23.0,21.0,258.0,3.0,14.0,20.0,10.0,10.0,14.0,7.0,5.0,677.0
2021-06-03,17.0,211.0,23.0,11.0,4.0,74.0,15.0,32.0,215.0,1.0,8.0,22.0,3.0,12.0,12.0,13.0,5.0,681.0
2021-06-04,18.0,209.0,44.0,11.0,7.0,65.0,18.0,14.0,206.0,3.0,15.0,10.0,12.0,3.0,21.0,9.0,22.0,695.0
2021-06-05,14.0,211.0,20.0,10.0,9.0,41.0,31.0,17.0,277.0,4.0,5.0,16.0,14.0,14.0,22.0,10.0,24.0,744.0
2021-06-06,10.0,160.0,17.0,10.0,2.0,46.0,18.0,21.0,179.0,0.0,7.0,23.0,9.0,0.0,19.0,13.0,17.0,556.0
2021-06-07,2.0,151.0,28.0,9.0,4.0,26.0,20.0,12.0,159.0,0.0,10.0,15.0,3.0,3.0,13.0,9.0,11.0,485.0
2021-06-08,5.0,130.0,48.0,7.0,1.0,33.0,22.0,15.0,139.0,0.0,3.0,13.0,8.0,4.0,8.0,4.0,6.0,454.0
